account_id,timestamp,text,url,hashtags,reply_to,repost_of,platform
organic_021,2026-03-01T04:30:27.910610+00:00,Traffic is terrible today,,,,,synthetic
organic_019,2026-03-01T11:46:08.695427+00:00,Monday mood: need more coffee,,,,,synthetic
organic_005,2026-03-01T11:48:21.681605+00:00,Traffic is terrible today,,love,,,synthetic
organic_015,2026-03-01T12:19:48.230970+00:00,Just had the best coffee at this new place downtown,,,,,synthetic
organic_000,2026-03-01T13:04:40.488168+00:00,This weather is perfect for a hike,,,,,synthetic
organic_021,2026-03-01T14:08:08.674538+00:00,This weather is perfect for a hike,,,,,synthetic
organic_011,2026-03-01T14:38:02.469680+00:00,This weather is perfect for a hike,,love,,,synthetic
organic_012,2026-03-01T15:21:33.645203+00:00,Trying a new workout routine this week,,,,,synthetic
organic_020,2026-03-01T15:23:12.794307+00:00,Beautiful sunset today,,vibes,,,synthetic
organic_000,2026-03-01T16:56:58.536898+00:00,Great discussion at today's meetup,,,,,synthetic
organic_008,2026-03-01T17:11:40.771407+00:00,Beautiful sunset today,,,,,synthetic
coord_g0_03,2026-03-01T17:12:24.047585+00:00,Open borders are destroying our communities,,,,,synthetic
organic_016,2026-03-01T17:48:25.409621+00:00,Traffic is terrible today,,,,,synthetic
coord_g1_03,2026-03-01T18:06:01.454453+00:00,Crime rates skyrocketing in border states,,"immigrationtruth,resist",,,synthetic
organic_015,2026-03-01T18:19:00.046859+00:00,Trying a new workout routine this week,,,,,synthetic
organic_000,2026-03-01T18:21:22.254890+00:00,Trying a new workout routine this week,,love,,,synthetic
coord_g1_02,2026-03-01T18:25:07.849565+00:00,Another day another cover up by the elites,,"immigrationtruth,resist",,,synthetic
organic_005,2026-03-01T19:09:40.473055+00:00,Can't wait for the weekend,,,,,synthetic
coord_g0_02,2026-03-01T19:09:58.873765+00:00,Crime rates skyrocketing in border states,,,,,synthetic
organic_019,2026-03-01T19:19:32.590221+00:00,Traffic is terrible today,,,,,synthetic
organic_010,2026-03-01T19:38:22.687354+00:00,Just had the best coffee at this new place downtown,,,,,synthetic
organic_008,2026-03-01T19:38:29.456024+00:00,Anyone watching the game tonight?,,,,,synthetic
organic_007,2026-03-01T19:45:25.783712+00:00,Trying a new workout routine this week,,,,,synthetic
organic_012,2026-03-01T20:08:13.059904+00:00,Trying a new workout routine this week,,,,,synthetic
organic_008,2026-03-01T20:17:07.295579+00:00,Great discussion at today's meetup,,,,,synthetic
organic_020,2026-03-01T20:35:59.254411+00:00,Congratulations to the team!,,goals,,,synthetic
organic_004,2026-03-01T20:37:44.792153+00:00,Looking forward to vacation next month,,,,,synthetic
organic_008,2026-03-01T20:43:33.448862+00:00,Traffic is terrible today,,,,,synthetic
organic_003,2026-03-01T20:44:10.892001+00:00,Anyone watching the game tonight?,,,,,synthetic
organic_020,2026-03-01T21:19:54.379552+00:00,This weather is perfect for a hike,,,,,synthetic
organic_004,2026-03-01T21:23:09.750359+00:00,Looking forward to vacation next month,,,,,synthetic
coord_g0_03,2026-03-01T21:37:32.844925+00:00,The mainstream media won't cover this story,,"climatetruth,wakeup",,,synthetic
coord_g1_01,2026-03-01T21:40:21.431854+00:00,Can't believe more people aren't talking about this,,,,,synthetic
organic_013,2026-03-01T21:57:01.381604+00:00,Monday mood: need more coffee,,goals,,,synthetic
organic_006,2026-03-01T21:57:37.305006+00:00,Beautiful sunset today,,,,,synthetic
organic_018,2026-03-01T22:20:11.378574+00:00,Trying a new workout routine this week,,,,,synthetic
organic_004,2026-03-01T22:30:37.316857+00:00,Monday mood: need more coffee,,,,,synthetic
organic_018,2026-03-01T23:01:03.492534+00:00,Great discussion at today's meetup,,,,,synthetic
organic_009,2026-03-01T23:03:24.283864+00:00,Great discussion at today's meetup,,,,,synthetic
organic_005,2026-03-01T23:21:41.596450+00:00,Trying a new workout routine this week,,,,,synthetic
coord_g0_02,2026-03-01T23:26:37.846418+00:00,Something big is about to happen stay alert,,,,,synthetic
organic_017,2026-03-01T23:41:33.602174+00:00,This recipe turned out amazing,,,,,synthetic
organic_005,2026-03-01T23:42:50.752033+00:00,This weather is perfect for a hike,,,,,synthetic
coord_g1_01,2026-03-02T00:02:46.649918+00:00,This is really important please share widely,,,,,synthetic
organic_017,2026-03-02T00:04:33.677932+00:00,Monday mood: need more coffee,,,,,synthetic
organic_004,2026-03-02T00:33:47.966303+00:00,Great discussion at today's meetup,,,,,synthetic
organic_008,2026-03-02T00:58:36.911568+00:00,Monday mood: need more coffee,,fun,,,synthetic
organic_012,2026-03-02T01:19:43.057298+00:00,Traffic is terrible today,,,,,synthetic
organic_002,2026-03-02T01:26:45.966853+00:00,Can't wait for the weekend,,goals,,,synthetic
organic_020,2026-03-02T01:35:12.762830+00:00,Great discussion at today's meetup,,goals,,,synthetic
organic_015,2026-03-02T01:48:52.564363+00:00,New album is fire honestly,,,,,synthetic
organic_021,2026-03-02T01:49:54.194678+00:00,This recipe turned out amazing,,,,,synthetic
organic_006,2026-03-02T01:51:09.593134+00:00,Beautiful sunset today,,,,,synthetic
organic_009,2026-03-02T02:09:38.648827+00:00,Just finished reading a great book,,,,,synthetic
organic_009,2026-03-02T02:18:44.132351+00:00,Trying a new workout routine this week,,fun,,,synthetic
coord_g1_03,2026-03-02T02:38:32.437702+00:00,Crime rates skyrocketing in border states,,,,,synthetic
organic_012,2026-03-02T02:47:48.223922+00:00,Traffic is terrible today,,fun,,,synthetic
organic_002,2026-03-02T02:49:56.142336+00:00,Congratulations to the team!,,,,,synthetic
organic_021,2026-03-02T03:05:34.031241+00:00,Just had the best coffee at this new place downtown,,,,,synthetic
organic_000,2026-03-02T03:09:32.501296+00:00,Looking forward to vacation next month,,,,,synthetic
organic_018,2026-03-02T03:10:40.571844+00:00,Can't wait for the weekend,,,,,synthetic
organic_013,2026-03-02T03:13:27.932889+00:00,Can't wait for the weekend,,,,,synthetic
organic_008,2026-03-02T03:49:46.267665+00:00,Trying a new workout routine this week,,,,,synthetic
organic_015,2026-03-02T03:53:01.144262+00:00,Beautiful sunset today,,,,,synthetic
organic_016,2026-03-02T04:14:21.899700+00:00,Monday mood: need more coffee,,,,,synthetic
coord_g1_02,2026-03-02T04:19:13.497732+00:00,Crime rates skyrocketing in border states,,,,,synthetic
organic_013,2026-03-02T05:09:51.573610+00:00,Beautiful sunset today,,life,,,synthetic
organic_003,2026-03-02T05:50:31.982691+00:00,Congratulations to the team!,,life,,,synthetic
organic_021,2026-03-02T05:52:11.508035+00:00,Trying a new workout routine this week,,mood,,,synthetic
organic_017,2026-03-02T06:26:44.198014+00:00,Congratulations to the team!,,,,,synthetic
coord_g1_02,2026-03-02T06:51:57.210427+00:00,Another day another cover up by the elites,,,,,synthetic
organic_007,2026-03-02T07:10:46.825367+00:00,Great discussion at today's meetup,,,,,synthetic
organic_021,2026-03-02T07:19:13.905635+00:00,Anyone watching the game tonight?,,,,,synthetic
organic_014,2026-03-02T07:22:09.207386+00:00,Monday mood: need more coffee,,,,,synthetic
coord_g0_00,2026-03-02T07:33:41.518055+00:00,This is really important please share widely,,,,,synthetic
organic_013,2026-03-02T07:39:35.925585+00:00,Traffic is terrible today,,,,,synthetic
organic_017,2026-03-02T07:43:52.758585+00:00,Just had the best coffee at this new place downtown,,,,,synthetic
organic_012,2026-03-02T07:45:11.012353+00:00,This weather is perfect for a hike,,,,,synthetic
organic_010,2026-03-02T07:53:22.569757+00:00,Beautiful sunset today,,,,,synthetic
organic_001,2026-03-02T08:08:18.023740+00:00,Can't wait for the weekend,,,,,synthetic
organic_000,2026-03-02T08:09:16.656946+00:00,Trying a new workout routine this week,,,,,synthetic
organic_020,2026-03-02T08:14:55.879001+00:00,Can't wait for the weekend,,love,,,synthetic
organic_002,2026-03-02T08:19:17.139726+00:00,Can't wait for the weekend,,,,,synthetic
organic_006,2026-03-02T08:21:34.380366+00:00,This recipe turned out amazing,,,,,synthetic
organic_017,2026-03-02T08:30:21.389095+00:00,Anyone watching the game tonight?,,,,,synthetic
organic_004,2026-03-02T08:47:05.483062+00:00,Just finished reading a great book,,,,,synthetic
organic_003,2026-03-02T09:16:28.541208+00:00,Beautiful sunset today,,,,,synthetic
organic_003,2026-03-02T09:17:24.443666+00:00,Happy birthday to my amazing friend!,,,,,synthetic
organic_000,2026-03-02T09:21:57.502145+00:00,This weather is perfect for a hike,,,,,synthetic
organic_006,2026-03-02T09:23:31.001749+00:00,Anyone watching the game tonight?,,,,,synthetic
organic_018,2026-03-02T09:24:07.920311+00:00,Looking forward to vacation next month,,,,,synthetic
coord_g1_02,2026-03-02T09:48:27.878311+00:00,This is really important please share widely,https://patriotwatch.net/breaking/6314,,,,synthetic
organic_009,2026-03-02T09:49:28.680240+00:00,Anyone watching the game tonight?,,,,,synthetic
coord_g1_03,2026-03-02T09:52:13.302931+00:00,Open borders are destroying our communities,,"immigrationtruth,technologytruth",,,synthetic
coord_g1_00,2026-03-02T09:52:17.306555+00:00,The mainstream media won't cover this story,,,,,synthetic
coord_g1_01,2026-03-02T09:53:34.193588+00:00,Wake up and share this with everyone you know,https://uncensored-report.com/6089,,,,synthetic
organic_016,2026-03-02T09:56:19.380506+00:00,Congratulations to the team!,,,,,synthetic
organic_017,2026-03-02T10:04:47.834062+00:00,Great discussion at today's meetup,,,,,synthetic
organic_004,2026-03-02T11:05:57.508860+00:00,This weather is perfect for a hike,,,,,synthetic
organic_009,2026-03-02T11:08:54.016309+00:00,This recipe turned out amazing,,,,,synthetic
organic_011,2026-03-02T11:14:09.808592+00:00,Happy birthday to my amazing friend!,,,,,synthetic
organic_017,2026-03-02T11:34:11.968196+00:00,Happy birthday to my amazing friend!,,,,,synthetic
coord_g1_02,2026-03-02T11:36:17.073340+00:00,They want cheap labor and don't care about you,,,,,synthetic
organic_000,2026-03-02T11:39:44.091676+00:00,This recipe turned out amazing,,life,,,synthetic
coord_g1_03,2026-03-02T11:59:24.056130+00:00,Open borders are destroying our communities,,resist,,,synthetic
organic_012,2026-03-02T12:09:22.376679+00:00,Anyone watching the game tonight?,,love,,,synthetic
coord_g0_01,2026-03-02T12:13:57.333762+00:00,They want cheap labor and don't care about you,,"breaking,climatetruth,resist",,,synthetic
coord_g0_02,2026-03-02T12:15:55.189129+00:00,Millions of illegals flooding in and nobody cares,,breaking,,,synthetic
coord_g0_00,2026-03-02T12:16:51.697611+00:00,Something big is about to happen stay alert,https://truthnews247.com/article/8775,,,,synthetic
coord_g0_03,2026-03-02T12:18:34.223599+00:00,Open borders are destroying our communities,,immigrationtruth,,,synthetic
organic_013,2026-03-02T12:26:00.656914+00:00,Just finished reading a great book,,,,,synthetic
organic_014,2026-03-02T12:30:18.652850+00:00,Trying a new workout routine this week,,,,,synthetic
organic_007,2026-03-02T12:53:43.572804+00:00,Monday mood: need more coffee,,,,,synthetic
organic_006,2026-03-02T12:55:53.025537+00:00,Just had the best coffee at this new place downtown,,,,,synthetic
organic_011,2026-03-02T13:05:16.268322+00:00,Great discussion at today's meetup,,love,,,synthetic
coord_g1_03,2026-03-02T13:06:50.211669+00:00,This is really important please share widely,,,,,synthetic
organic_011,2026-03-02T13:16:33.552557+00:00,Anyone watching the game tonight?,,,,,synthetic
organic_013,2026-03-02T14:05:15.408544+00:00,Happy birthday to my amazing friend!,,,,,synthetic
organic_007,2026-03-02T14:29:17.431284+00:00,This recipe turned out amazing,,,,,synthetic
organic_005,2026-03-02T15:18:02.634864+00:00,Can't wait for the weekend,,,,,synthetic
organic_001,2026-03-02T15:32:13.304192+00:00,Beautiful sunset today,,,,,synthetic
organic_008,2026-03-02T15:49:52.520703+00:00,Happy birthday to my amazing friend!,,,,,synthetic
organic_016,2026-03-02T15:56:22.905563+00:00,Great discussion at today's meetup,,,,,synthetic
organic_005,2026-03-02T16:08:33.072421+00:00,Beautiful sunset today,,,,,synthetic
organic_000,2026-03-02T16:30:31.525739+00:00,This recipe turned out amazing,,,,,synthetic
organic_011,2026-03-02T16:44:34.588487+00:00,Beautiful sunset today,,,,,synthetic
coord_g1_01,2026-03-02T16:47:06.956918+00:00,Open borders are destroying our communities,,,,,synthetic
organic_001,2026-03-02T18:00:38.871169+00:00,This recipe turned out amazing,,,,,synthetic
organic_004,2026-03-02T18:11:57.462695+00:00,Can't wait for the weekend,,,,,synthetic
organic_002,2026-03-02T18:15:59.202578+00:00,Just finished reading a great book,,,,,synthetic
organic_014,2026-03-02T18:19:55.158038+00:00,Trying a new workout routine this week,,fun,,,synthetic
coord_g0_00,2026-03-02T18:40:15.549925+00:00,Open borders are destroying our communities,,,,,synthetic
organic_001,2026-03-02T18:41:05.009517+00:00,Great discussion at today's meetup,,,,,synthetic
organic_019,2026-03-02T18:46:05.129829+00:00,Happy birthday to my amazing friend!,,,,,synthetic
organic_004,2026-03-02T19:19:21.188486+00:00,Great discussion at today's meetup,,,,,synthetic
organic_002,2026-03-02T19:23:16.452672+00:00,This weather is perfect for a hike,,,,,synthetic
organic_009,2026-03-02T19:26:14.619117+00:00,Monday mood: need more coffee,,,,,synthetic
organic_005,2026-03-02T20:33:08.404675+00:00,This recipe turned out amazing,,,,,synthetic
organic_010,2026-03-02T20:34:40.015900+00:00,Beautiful sunset today,,,,,synthetic
organic_015,2026-03-02T20:44:13.064883+00:00,Happy birthday to my amazing friend!,,,,,synthetic
organic_012,2026-03-02T20:52:19.686442+00:00,Anyone watching the game tonight?,,,,,synthetic
organic_017,2026-03-02T21:34:31.559747+00:00,Anyone watching the game tonight?,,,,,synthetic
organic_010,2026-03-02T21:43:37.457073+00:00,Trying a new workout routine this week,,,,,synthetic
organic_019,2026-03-02T22:51:10.142338+00:00,This recipe turned out amazing,,,,,synthetic
organic_021,2026-03-02T22:58:34.590674+00:00,Looking forward to vacation next month,,,,,synthetic
organic_012,2026-03-02T23:06:47.597862+00:00,Just had the best coffee at this new place downtown,,,,,synthetic
organic_013,2026-03-02T23:09:24.425337+00:00,Anyone watching the game tonight?,,goals,,,synthetic
organic_015,2026-03-02T23:30:13.836900+00:00,Anyone watching the game tonight?,,,,,synthetic
organic_008,2026-03-02T23:50:21.419728+00:00,Monday mood: need more coffee,,,,,synthetic
organic_007,2026-03-03T00:06:48.873411+00:00,This weather is perfect for a hike,,,,,synthetic
coord_g1_02,2026-03-03T00:23:33.525372+00:00,Another day another cover up by the elites,https://truthnews247.com/article/6781,,,,synthetic
coord_g1_03,2026-03-03T00:24:44.147128+00:00,Open borders are destroying our communities,https://freedomdaily.org/expose/5618,"resist,immigrationtruth,sharetruth",,,synthetic
coord_g1_00,2026-03-03T00:27:11.850516+00:00,Something big is about to happen stay alert,https://uncensored-report.com/6526,"technologytruth,resist",,,synthetic
coord_g1_01,2026-03-03T00:27:33.726641+00:00,Something big is about to happen stay alert,https://realfacts.blog/post/5972,,,coord_g1_02,synthetic
organic_017,2026-03-03T01:03:44.024403+00:00,Looking forward to vacation next month,,,,,synthetic
coord_g0_00,2026-03-03T01:14:40.517741+00:00,They don't want you to know the truth,,"climatetruth,breaking",,,synthetic
coord_g1_01,2026-03-03T01:42:29.786103+00:00,They want cheap labor and don't care about you,,sharetruth,,,synthetic
organic_017,2026-03-03T01:42:36.031280+00:00,Monday mood: need more coffee,,,,,synthetic
organic_001,2026-03-03T03:10:47.137221+00:00,Looking forward to vacation next month,,,,,synthetic
organic_004,2026-03-03T03:15:21.465698+00:00,New album is fire honestly,,,,,synthetic
organic_003,2026-03-03T03:23:02.647376+00:00,This recipe turned out amazing,,,,,synthetic
organic_019,2026-03-03T03:41:51.002892+00:00,Great discussion at today's meetup,,mood,,,synthetic
organic_007,2026-03-03T04:01:27.262514+00:00,Anyone watching the game tonight?,,,,,synthetic
organic_016,2026-03-03T04:02:55.123933+00:00,New album is fire honestly,,,,,synthetic
organic_003,2026-03-03T04:05:03.044984+00:00,Looking forward to vacation next month,,,,,synthetic
organic_012,2026-03-03T04:06:10.829817+00:00,Trying a new workout routine this week,,,,,synthetic
organic_013,2026-03-03T04:20:43.702653+00:00,Traffic is terrible today,,,,,synthetic
organic_008,2026-03-03T04:24:30.325700+00:00,Beautiful sunset today,,,,,synthetic
organic_008,2026-03-03T04:27:37.738977+00:00,Congratulations to the team!,,,,,synthetic
organic_001,2026-03-03T04:27:38.530259+00:00,Trying a new workout routine this week,,,,,synthetic
coord_g1_01,2026-03-03T04:30:17.839993+00:00,Open borders are destroying our communities,,,,,synthetic
coord_g1_00,2026-03-03T04:30:35.293438+00:00,Another day another cover up by the elites,https://patriotwatch.net/breaking/8596,,,,synthetic
coord_g1_02,2026-03-03T04:32:41.024267+00:00,This is really important please share widely,https://realfacts.blog/post/4013,technologytruth,,,synthetic
coord_g1_03,2026-03-03T04:33:37.524273+00:00,Something big is about to happen stay alert,,sharetruth,,,synthetic
coord_g1_02,2026-03-03T04:36:05.315290+00:00,The mainstream media won't cover this story,,,,,synthetic
organic_000,2026-03-03T04:49:33.444977+00:00,Monday mood: need more coffee,,,,,synthetic
coord_g1_03,2026-03-03T05:11:36.626064+00:00,Something big is about to happen stay alert,,,,,synthetic
organic_002,2026-03-03T05:48:58.678974+00:00,Beautiful sunset today,,,,,synthetic
organic_013,2026-03-03T06:03:58.179913+00:00,This recipe turned out amazing,,,,,synthetic
organic_015,2026-03-03T06:08:08.543280+00:00,Monday mood: need more coffee,,,,,synthetic
organic_016,2026-03-03T06:26:05.731150+00:00,This recipe turned out amazing,,,,,synthetic
organic_003,2026-03-03T06:26:31.242521+00:00,Traffic is terrible today,,,,,synthetic
organic_012,2026-03-03T06:34:11.639688+00:00,Traffic is terrible today,,,,,synthetic
organic_004,2026-03-03T07:01:28.949291+00:00,Looking forward to vacation next month,,,,,synthetic
organic_013,2026-03-03T07:05:43.193476+00:00,This recipe turned out amazing,,,,,synthetic
organic_004,2026-03-03T07:24:41.144920+00:00,Traffic is terrible today,,,,,synthetic
organic_004,2026-03-03T07:44:07.731849+00:00,This weather is perfect for a hike,,vibes,,,synthetic
coord_g1_01,2026-03-03T08:10:34.980247+00:00,Can't believe more people aren't talking about this,https://freedomdaily.org/expose/3120,,,,synthetic
coord_g1_00,2026-03-03T08:10:38.465067+00:00,They want cheap labor and don't care about you,https://patriotwatch.net/breaking/3455,resist,,coord_g1_03,synthetic
coord_g1_03,2026-03-03T08:11:20.388291+00:00,This is really important please share widely,,"immigrationtruth,sharetruth",,,synthetic
organic_006,2026-03-03T08:11:56.266682+00:00,Can't wait for the weekend,,,,,synthetic
coord_g1_02,2026-03-03T08:12:55.781677+00:00,Open borders are destroying our communities,https://realfacts.blog/post/4013,"sharetruth,technologytruth",,,synthetic
coord_g0_02,2026-03-03T08:15:28.470567+00:00,Wake up and share this with everyone you know,,,,,synthetic
organic_015,2026-03-03T08:36:26.835474+00:00,This recipe turned out amazing,,,,,synthetic
organic_020,2026-03-03T08:38:39.074538+00:00,This recipe turned out amazing,,,,,synthetic
organic_013,2026-03-03T09:07:27.673381+00:00,This recipe turned out amazing,,,,,synthetic
coord_g1_02,2026-03-03T09:24:03.131047+00:00,Can't believe more people aren't talking about this,,,,,synthetic
coord_g1_03,2026-03-03T09:25:52.527167+00:00,Crime rates skyrocketing in border states,,,,,synthetic
coord_g1_00,2026-03-03T09:26:42.308334+00:00,Wake up and share this with everyone you know,https://truthnews247.com/article/7410,,,,synthetic
coord_g1_01,2026-03-03T09:27:24.248541+00:00,Something big is about to happen stay alert,https://realfacts.blog/post/4852,sharetruth,,coord_g1_02,synthetic
coord_g1_02,2026-03-03T10:17:58.609032+00:00,The mainstream media won't cover this story,,,,,synthetic
organic_002,2026-03-03T10:27:58.248469+00:00,Traffic is terrible today,,,,,synthetic
organic_003,2026-03-03T10:31:46.535741+00:00,Great discussion at today's meetup,,,,,synthetic
organic_000,2026-03-03T10:39:59.417978+00:00,Just finished reading a great book,,,,,synthetic
organic_015,2026-03-03T10:46:56.923490+00:00,This weather is perfect for a hike,,,,,synthetic
organic_021,2026-03-03T11:08:04.268966+00:00,Traffic is terrible today,,,,,synthetic
organic_016,2026-03-03T11:20:52.719521+00:00,Can't wait for the weekend,,,,,synthetic
organic_011,2026-03-03T11:27:46.332161+00:00,This weather is perfect for a hike,,,,,synthetic
coord_g0_00,2026-03-03T11:28:07.693138+00:00,They don't want you to know the truth,,,,,synthetic
organic_006,2026-03-03T11:36:13.458908+00:00,This weather is perfect for a hike,,,,,synthetic
coord_g1_02,2026-03-03T11:50:05.812153+00:00,This is really important please share widely,,"immigrationtruth,technologytruth",,,synthetic
organic_021,2026-03-03T11:52:01.469012+00:00,Just had the best coffee at this new place downtown,,,,,synthetic
organic_012,2026-03-03T11:54:41.618148+00:00,Traffic is terrible today,,,,,synthetic
organic_000,2026-03-03T12:02:07.119815+00:00,Congratulations to the team!,,,,,synthetic
organic_018,2026-03-03T12:13:25.137204+00:00,Happy birthday to my amazing friend!,,,,,synthetic
organic_000,2026-03-03T12:27:25.417097+00:00,This recipe turned out amazing,,love,,,synthetic
organic_005,2026-03-03T12:32:54.292788+00:00,This recipe turned out amazing,,,,,synthetic
organic_000,2026-03-03T12:41:08.614007+00:00,This weather is perfect for a hike,,,,,synthetic
organic_006,2026-03-03T12:42:05.140999+00:00,Monday mood: need more coffee,,,,,synthetic
organic_014,2026-03-03T12:49:56.654238+00:00,This recipe turned out amazing,,,,,synthetic
organic_004,2026-03-03T13:20:54.200612+00:00,Great discussion at today's meetup,,,,,synthetic
organic_015,2026-03-03T13:22:01.007125+00:00,This recipe turned out amazing,,,,,synthetic
organic_006,2026-03-03T13:23:01.702841+00:00,Happy birthday to my amazing friend!,,,,,synthetic
organic_006,2026-03-03T13:24:16.123640+00:00,Traffic is terrible today,,,,,synthetic
organic_004,2026-03-03T13:41:38.137095+00:00,Monday mood: need more coffee,,,,,synthetic
organic_016,2026-03-03T13:46:35.744822+00:00,Can't wait for the weekend,,,,,synthetic
organic_010,2026-03-03T13:48:04.777252+00:00,Traffic is terrible today,,,,,synthetic
organic_000,2026-03-03T14:03:11.166478+00:00,Monday mood: need more coffee,,,,,synthetic
coord_g0_03,2026-03-03T14:11:30.714499+00:00,Another day another cover up by the elites,,,,,synthetic
organic_008,2026-03-03T15:15:41.806318+00:00,This weather is perfect for a hike,,,,,synthetic
coord_g0_03,2026-03-03T15:20:37.385355+00:00,Crime rates skyrocketing in border states,,immigrationtruth,,,synthetic
coord_g0_00,2026-03-03T15:21:05.075305+00:00,Millions of illegals flooding in and nobody cares,https://truthnews247.com/article/1284,,,,synthetic
coord_g0_01,2026-03-03T15:22:37.688728+00:00,Open borders are destroying our communities,,,,,synthetic
coord_g0_02,2026-03-03T15:22:42.292574+00:00,Can't believe more people aren't talking about this,,"resist,wakeup",,,synthetic
organic_010,2026-03-03T15:35:37.338189+00:00,Can't wait for the weekend,,life,,,synthetic
organic_013,2026-03-03T15:36:48.210487+00:00,This recipe turned out amazing,,,,,synthetic
organic_004,2026-03-03T15:39:22.081687+00:00,New album is fire honestly,,love,,,synthetic
coord_g1_01,2026-03-03T15:54:23.074934+00:00,Something big is about to happen stay alert,,immigrationtruth,,,synthetic
organic_006,2026-03-03T16:07:17.665346+00:00,Can't wait for the weekend,,,,,synthetic
organic_014,2026-03-03T16:17:33.229868+00:00,Just finished reading a great book,,,,,synthetic
organic_017,2026-03-03T16:18:52.813005+00:00,Anyone watching the game tonight?,,,,,synthetic
organic_015,2026-03-03T16:30:39.206401+00:00,Congratulations to the team!,,,,,synthetic
organic_005,2026-03-03T16:43:50.901132+00:00,Just had the best coffee at this new place downtown,,,,,synthetic
organic_003,2026-03-03T17:45:00.141191+00:00,This recipe turned out amazing,,,,,synthetic
coord_g0_00,2026-03-03T18:28:52.455936+00:00,Crime rates skyrocketing in border states,,wakeup,,,synthetic
organic_017,2026-03-03T18:36:35.452730+00:00,Just finished reading a great book,,,,,synthetic
organic_015,2026-03-03T18:50:20.145360+00:00,Just had the best coffee at this new place downtown,,,,,synthetic
organic_020,2026-03-03T19:11:46.515126+00:00,Just finished reading a great book,,,,,synthetic
organic_018,2026-03-03T19:21:15.108469+00:00,Trying a new workout routine this week,,,,,synthetic
organic_017,2026-03-03T19:36:07.283828+00:00,Looking forward to vacation next month,,,,,synthetic
organic_018,2026-03-03T19:45:15.317416+00:00,This weather is perfect for a hike,,fun,,,synthetic
organic_004,2026-03-03T19:55:37.868124+00:00,Traffic is terrible today,,,,,synthetic
coord_g0_00,2026-03-03T20:35:47.572398+00:00,Wake up and share this with everyone you know,,,,,synthetic
coord_g0_03,2026-03-03T20:44:50.953373+00:00,Crime rates skyrocketing in border states,,,,,synthetic
organic_012,2026-03-03T20:48:57.521724+00:00,Just finished reading a great book,,fun,,,synthetic
organic_016,2026-03-03T21:15:10.877988+00:00,Just had the best coffee at this new place downtown,,,,,synthetic
organic_008,2026-03-03T21:31:59.756202+00:00,Anyone watching the game tonight?,,,,,synthetic
organic_009,2026-03-03T21:33:25.306877+00:00,This recipe turned out amazing,,,,,synthetic
organic_018,2026-03-03T21:34:44.748423+00:00,This weather is perfect for a hike,,,,,synthetic
organic_020,2026-03-03T21:41:37.218253+00:00,Just had the best coffee at this new place downtown,,,,,synthetic
organic_012,2026-03-03T22:09:34.957861+00:00,Beautiful sunset today,,goals,,,synthetic
organic_019,2026-03-03T22:09:49.646883+00:00,Trying a new workout routine this week,,,,,synthetic
organic_012,2026-03-03T22:11:19.853796+00:00,This weather is perfect for a hike,,,,,synthetic
coord_g1_02,2026-03-03T22:16:39.768060+00:00,Can't believe more people aren't talking about this,https://realfacts.blog/post/7544,resist,,,synthetic
coord_g1_01,2026-03-03T22:19:01.662680+00:00,They want cheap labor and don't care about you,,"sharetruth,sharetruth,technologytruth",,,synthetic
coord_g1_00,2026-03-03T22:19:28.264110+00:00,They want cheap labor and don't care about you,,"sharetruth,immigrationtruth",,,synthetic
coord_g1_03,2026-03-03T22:21:04.284079+00:00,Crime rates skyrocketing in border states,,,,,synthetic
organic_005,2026-03-03T22:37:56.377311+00:00,Congratulations to the team!,,,,,synthetic
organic_015,2026-03-03T22:51:17.373460+00:00,Traffic is terrible today,,,,,synthetic
organic_017,2026-03-03T23:02:26.147699+00:00,Great discussion at today's meetup,,,,,synthetic
organic_016,2026-03-03T23:08:23.475178+00:00,Monday mood: need more coffee,,,,,synthetic
organic_017,2026-03-03T23:17:44.158493+00:00,Beautiful sunset today,,,,,synthetic
organic_019,2026-03-03T23:43:28.358305+00:00,Can't wait for the weekend,,,,,synthetic
organic_021,2026-03-03T23:51:38.292939+00:00,Anyone watching the game tonight?,,,,,synthetic
coord_g0_00,2026-03-04T00:21:31.281754+00:00,Crime rates skyrocketing in border states,,,,,synthetic
organic_008,2026-03-04T00:25:13.977545+00:00,Traffic is terrible today,,,,,synthetic
organic_020,2026-03-04T00:25:54.618968+00:00,Anyone watching the game tonight?,,vibes,,,synthetic
organic_018,2026-03-04T00:33:51.699383+00:00,Trying a new workout routine this week,,,,,synthetic
organic_001,2026-03-04T00:58:17.403848+00:00,This weather is perfect for a hike,,,,,synthetic
organic_006,2026-03-04T01:19:28.365465+00:00,Looking forward to vacation next month,,,,,synthetic
organic_006,2026-03-04T01:21:22.003387+00:00,This weather is perfect for a hike,,,,,synthetic
coord_g0_01,2026-03-04T01:24:22.588245+00:00,Millions of illegals flooding in and nobody cares,,,,,synthetic
organic_014,2026-03-04T01:39:05.882021+00:00,Congratulations to the team!,,,,,synthetic
organic_000,2026-03-04T01:52:29.133290+00:00,Happy birthday to my amazing friend!,,fun,,,synthetic
organic_020,2026-03-04T01:54:44.451110+00:00,Anyone watching the game tonight?,,,,,synthetic
organic_002,2026-03-04T02:10:02.147819+00:00,Just finished reading a great book,,goals,,,synthetic
organic_010,2026-03-04T02:28:32.788063+00:00,Monday mood: need more coffee,,,,,synthetic
organic_018,2026-03-04T02:32:54.714508+00:00,Traffic is terrible today,,,,,synthetic
organic_011,2026-03-04T02:41:16.293997+00:00,Trying a new workout routine this week,,,,,synthetic
organic_009,2026-03-04T03:03:06.953639+00:00,Traffic is terrible today,,,,,synthetic
organic_021,2026-03-04T03:07:53.865052+00:00,Congratulations to the team!,,,,,synthetic
organic_017,2026-03-04T03:24:29.868465+00:00,Great discussion at today's meetup,,,,,synthetic
organic_005,2026-03-04T03:48:17.425416+00:00,Happy birthday to my amazing friend!,,,,,synthetic
organic_005,2026-03-04T04:06:24.361710+00:00,Anyone watching the game tonight?,,fun,,,synthetic
organic_014,2026-03-04T04:09:42.088683+00:00,Great discussion at today's meetup,,,,,synthetic
organic_019,2026-03-04T04:19:23.100252+00:00,Looking forward to vacation next month,,,,,synthetic
organic_003,2026-03-04T04:23:46.499405+00:00,This weather is perfect for a hike,,,,,synthetic
coord_g0_01,2026-03-04T04:26:48.046784+00:00,This is really important please share widely,,,,,synthetic
organic_005,2026-03-04T04:28:37.804103+00:00,Happy birthday to my amazing friend!,,,,,synthetic
organic_008,2026-03-04T04:30:07.177973+00:00,Beautiful sunset today,,,,,synthetic
organic_006,2026-03-04T04:34:25.929017+00:00,Anyone watching the game tonight?,,,,,synthetic
organic_003,2026-03-04T04:35:52.409166+00:00,Can't wait for the weekend,,,,,synthetic
organic_020,2026-03-04T04:36:47.638585+00:00,This recipe turned out amazing,,fun,,,synthetic
organic_020,2026-03-04T04:36:59.849088+00:00,Happy birthday to my amazing friend!,,,,,synthetic
organic_013,2026-03-04T04:40:20.831908+00:00,Happy birthday to my amazing friend!,,,,,synthetic
organic_020,2026-03-04T04:42:31.696176+00:00,Happy birthday to my amazing friend!,,,,,synthetic
organic_014,2026-03-04T04:54:17.540966+00:00,Happy birthday to my amazing friend!,,,,,synthetic
coord_g0_00,2026-03-04T04:55:27.193891+00:00,Wake up and share this with everyone you know,https://truthnews247.com/article/3908,immigrationtruth,,,synthetic
coord_g0_03,2026-03-04T04:57:10.563186+00:00,Open borders are destroying our communities,,"breaking,resist,wakeup",,,synthetic
coord_g0_01,2026-03-04T04:57:27.684592+00:00,This is really important please share widely,,,,,synthetic
coord_g0_02,2026-03-04T04:58:42.743952+00:00,Millions of illegals flooding in and nobody cares,,"immigrationtruth,wakeup",,,synthetic
organic_015,2026-03-04T05:22:01.043113+00:00,Just finished reading a great book,,,,,synthetic
organic_005,2026-03-04T05:42:18.904849+00:00,Monday mood: need more coffee,,,,,synthetic
organic_001,2026-03-04T05:48:36.127078+00:00,Just had the best coffee at this new place downtown,,,,,synthetic
organic_013,2026-03-04T06:31:22.256378+00:00,Congratulations to the team!,,goals,,,synthetic
coord_g1_00,2026-03-04T06:33:00.764069+00:00,Open borders are destroying our communities,,,,,synthetic
organic_015,2026-03-04T06:33:36.504500+00:00,This recipe turned out amazing,,goals,,,synthetic
organic_015,2026-03-04T06:46:32.567913+00:00,This recipe turned out amazing,,,,,synthetic
organic_020,2026-03-04T07:10:31.011282+00:00,Can't wait for the weekend,,mood,,,synthetic
organic_002,2026-03-04T07:28:56.021682+00:00,Just finished reading a great book,,,,,synthetic
organic_012,2026-03-04T07:40:20.929653+00:00,Looking forward to vacation next month,,,,,synthetic
organic_015,2026-03-04T08:05:25.681898+00:00,Trying a new workout routine this week,,,,,synthetic
organic_020,2026-03-04T08:35:01.351148+00:00,Trying a new workout routine this week,,,,,synthetic
organic_011,2026-03-04T08:40:00.697971+00:00,Trying a new workout routine this week,,,,,synthetic
organic_004,2026-03-04T08:59:27.466313+00:00,Trying a new workout routine this week,,,,,synthetic
coord_g0_02,2026-03-04T09:22:29.844337+00:00,They don't want you to know the truth,,,,,synthetic
organic_002,2026-03-04T09:22:40.896171+00:00,Monday mood: need more coffee,,,,,synthetic
coord_g1_00,2026-03-04T10:01:43.513908+00:00,Can't believe more people aren't talking about this,,,,,synthetic
organic_021,2026-03-04T10:04:37.411206+00:00,Just finished reading a great book,,,,,synthetic
coord_g0_02,2026-03-04T10:47:12.477242+00:00,Can't believe more people aren't talking about this,,,,,synthetic
organic_012,2026-03-04T10:48:06.049510+00:00,New album is fire honestly,,,,,synthetic
organic_013,2026-03-04T10:49:51.051011+00:00,Trying a new workout routine this week,,,,,synthetic
organic_009,2026-03-04T10:58:08.711227+00:00,New album is fire honestly,,,,,synthetic
organic_006,2026-03-04T11:10:58.877287+00:00,Trying a new workout routine this week,,,,,synthetic
organic_011,2026-03-04T12:20:32.424271+00:00,Just had the best coffee at this new place downtown,,vibes,,,synthetic
organic_013,2026-03-04T12:29:24.195029+00:00,Traffic is terrible today,,,,,synthetic
organic_002,2026-03-04T12:38:54.020840+00:00,Monday mood: need more coffee,,,,,synthetic
organic_005,2026-03-04T12:40:33.851170+00:00,Great discussion at today's meetup,,,,,synthetic
organic_006,2026-03-04T13:24:17.317829+00:00,Beautiful sunset today,,,,,synthetic
organic_020,2026-03-04T13:51:28.166508+00:00,Just finished reading a great book,,,,,synthetic
organic_018,2026-03-04T13:54:14.945531+00:00,Traffic is terrible today,,,,,synthetic
organic_020,2026-03-04T13:59:07.724473+00:00,This weather is perfect for a hike,,,,,synthetic
organic_009,2026-03-04T14:00:29.660095+00:00,Looking forward to vacation next month,,,,,synthetic
organic_012,2026-03-04T14:31:35.461242+00:00,Just had the best coffee at this new place downtown,,,,,synthetic
organic_002,2026-03-04T15:02:56.695614+00:00,Traffic is terrible today,,,,,synthetic
organic_006,2026-03-04T15:06:32.513375+00:00,Looking forward to vacation next month,,,,,synthetic
organic_002,2026-03-04T16:09:42.771112+00:00,Trying a new workout routine this week,,goals,,,synthetic
organic_006,2026-03-04T16:27:40.435201+00:00,This weather is perfect for a hike,,,,,synthetic
organic_015,2026-03-04T16:41:22.348024+00:00,Just had the best coffee at this new place downtown,,,,,synthetic
coord_g1_00,2026-03-04T16:54:47.363665+00:00,Open borders are destroying our communities,,,,,synthetic
organic_004,2026-03-04T16:58:23.314457+00:00,This recipe turned out amazing,,,,,synthetic
coord_g1_02,2026-03-04T17:00:26.255467+00:00,Wake up and share this with everyone you know,,,,,synthetic
organic_018,2026-03-04T17:26:45.022286+00:00,Monday mood: need more coffee,,,,,synthetic
organic_021,2026-03-04T17:28:41.861594+00:00,Happy birthday to my amazing friend!,,,,,synthetic
organic_007,2026-03-04T17:30:54.638680+00:00,Happy birthday to my amazing friend!,,,,,synthetic
coord_g0_02,2026-03-04T17:34:58.350713+00:00,Crime rates skyrocketing in border states,,"wakeup,resist",,,synthetic
organic_004,2026-03-04T17:57:49.387083+00:00,Great discussion at today's meetup,,,,,synthetic
organic_004,2026-03-04T18:06:13.352722+00:00,This recipe turned out amazing,,,,,synthetic
organic_017,2026-03-04T18:53:13.191139+00:00,Anyone watching the game tonight?,,,,,synthetic
organic_014,2026-03-04T18:58:08.736427+00:00,Just had the best coffee at this new place downtown,,life,,,synthetic
organic_005,2026-03-04T19:09:14.535396+00:00,This recipe turned out amazing,,,,,synthetic
coord_g0_03,2026-03-04T19:12:10.770202+00:00,Crime rates skyrocketing in border states,,wakeup,,,synthetic
organic_014,2026-03-04T19:23:11.754026+00:00,This weather is perfect for a hike,,,,,synthetic
organic_001,2026-03-04T19:47:16.315944+00:00,Congratulations to the team!,,,,,synthetic
organic_002,2026-03-04T19:54:26.208590+00:00,Monday mood: need more coffee,,,,,synthetic
organic_019,2026-03-04T19:59:24.159640+00:00,Monday mood: need more coffee,,,,,synthetic
organic_003,2026-03-04T20:28:01.922589+00:00,Just finished reading a great book,,,,,synthetic
organic_018,2026-03-04T20:54:35.804847+00:00,This recipe turned out amazing,,,,,synthetic
coord_g1_01,2026-03-04T21:10:01.084341+00:00,They want cheap labor and don't care about you,,sharetruth,,,synthetic
organic_021,2026-03-04T21:20:48.088053+00:00,Monday mood: need more coffee,,,,,synthetic
organic_007,2026-03-04T21:22:45.554143+00:00,Anyone watching the game tonight?,,,,,synthetic
coord_g1_01,2026-03-04T21:42:25.059644+00:00,Millions of illegals flooding in and nobody cares,,technologytruth,,,synthetic
organic_009,2026-03-04T21:45:18.415685+00:00,Anyone watching the game tonight?,,,,,synthetic
organic_021,2026-03-04T21:48:44.189528+00:00,Happy birthday to my amazing friend!,,,,,synthetic
organic_014,2026-03-04T22:09:05.127354+00:00,Traffic is terrible today,,,,,synthetic
coord_g1_01,2026-03-04T22:12:09.329223+00:00,Something big is about to happen stay alert,,,,,synthetic
organic_021,2026-03-04T22:19:38.970729+00:00,Trying a new workout routine this week,,,,,synthetic
coord_g1_03,2026-03-04T22:49:02.477603+00:00,This is really important please share widely,,immigrationtruth,,,synthetic
organic_006,2026-03-04T23:00:11.392763+00:00,Traffic is terrible today,,,,,synthetic
organic_011,2026-03-04T23:06:22.508918+00:00,Congratulations to the team!,,,,,synthetic
organic_015,2026-03-04T23:11:19.169425+00:00,Beautiful sunset today,,,,,synthetic
coord_g1_03,2026-03-04T23:35:19.033105+00:00,Open borders are destroying our communities,,,,,synthetic
organic_004,2026-03-04T23:42:23.097279+00:00,Trying a new workout routine this week,,,,,synthetic
coord_g1_02,2026-03-05T00:26:44.673795+00:00,Millions of illegals flooding in and nobody cares,https://realfacts.blog/post/8984,,coord_g1_00,,synthetic
coord_g1_00,2026-03-05T00:27:40.505086+00:00,Open borders are destroying our communities,https://freedomdaily.org/expose/8028,sharetruth,,,synthetic
coord_g1_01,2026-03-05T00:29:32.075856+00:00,The mainstream media won't cover this story,,sharetruth,coord_g1_02,,synthetic
coord_g1_03,2026-03-05T00:31:39.455873+00:00,Crime rates skyrocketing in border states,,"immigrationtruth,sharetruth",,,synthetic
organic_000,2026-03-05T01:12:04.365963+00:00,This weather is perfect for a hike,,,,,synthetic
organic_019,2026-03-05T01:34:00.147409+00:00,Happy birthday to my amazing friend!,,,,,synthetic
organic_015,2026-03-05T01:43:31.880350+00:00,This weather is perfect for a hike,,,,,synthetic
coord_g1_01,2026-03-05T01:45:29.049269+00:00,They don't want you to know the truth,,,,,synthetic
organic_013,2026-03-05T01:50:06.661786+00:00,Traffic is terrible today,,,,,synthetic
organic_002,2026-03-05T01:51:48.264196+00:00,Looking forward to vacation next month,,,,,synthetic
organic_016,2026-03-05T02:03:15.974590+00:00,New album is fire honestly,,,,,synthetic
coord_g0_00,2026-03-05T02:24:47.029005+00:00,Wake up and share this with everyone you know,,wakeup,,,synthetic
organic_002,2026-03-05T02:30:13.263407+00:00,Beautiful sunset today,,,,,synthetic
organic_018,2026-03-05T02:33:51.548641+00:00,New album is fire honestly,,,,,synthetic
coord_g0_02,2026-03-05T02:55:26.562611+00:00,Wake up and share this with everyone you know,,,,,synthetic
organic_009,2026-03-05T03:30:44.508754+00:00,Looking forward to vacation next month,,,,,synthetic
coord_g0_00,2026-03-05T03:48:26.221162+00:00,They want cheap labor and don't care about you,,,,,synthetic
organic_020,2026-03-05T03:55:31.608987+00:00,Just finished reading a great book,,,,,synthetic
organic_002,2026-03-05T04:17:15.783589+00:00,This recipe turned out amazing,,,,,synthetic
organic_019,2026-03-05T04:38:07.641148+00:00,Just had the best coffee at this new place downtown,,,,,synthetic
coord_g1_03,2026-03-05T04:42:54.810767+00:00,Open borders are destroying our communities,,,,,synthetic
organic_021,2026-03-05T04:50:14.547953+00:00,Anyone watching the game tonight?,,,,,synthetic
coord_g0_03,2026-03-05T05:02:14.514185+00:00,Millions of illegals flooding in and nobody cares,,,,,synthetic
coord_g0_01,2026-03-05T05:19:49.690695+00:00,They want cheap labor and don't care about you,,,,,synthetic
organic_016,2026-03-05T05:36:16.417048+00:00,Looking forward to vacation next month,,love,,,synthetic
coord_g0_00,2026-03-05T05:40:11.901527+00:00,Another day another cover up by the elites,,,,,synthetic
coord_g0_00,2026-03-05T06:07:22.676633+00:00,They don't want you to know the truth,,,,,synthetic
coord_g1_00,2026-03-05T06:18:16.887389+00:00,Something big is about to happen stay alert,,"technologytruth,sharetruth",,,synthetic
organic_017,2026-03-05T06:18:58.230861+00:00,This weather is perfect for a hike,,,,,synthetic
organic_013,2026-03-05T06:34:44.735597+00:00,Can't wait for the weekend,,mood,,,synthetic
coord_g1_00,2026-03-05T06:36:52.637522+00:00,Open borders are destroying our communities,,immigrationtruth,,,synthetic
organic_003,2026-03-05T06:42:25.971541+00:00,Anyone watching the game tonight?,,,,,synthetic
coord_g1_02,2026-03-05T06:57:08.926937+00:00,Another day another cover up by the elites,,technologytruth,,,synthetic
organic_014,2026-03-05T06:59:10.941409+00:00,Trying a new workout routine this week,,,,,synthetic
organic_001,2026-03-05T07:26:19.097599+00:00,Beautiful sunset today,,,,,synthetic
organic_000,2026-03-05T07:26:53.563355+00:00,Just finished reading a great book,,,,,synthetic
organic_016,2026-03-05T07:34:30.401646+00:00,Looking forward to vacation next month,,,,,synthetic
organic_009,2026-03-05T07:48:09.883285+00:00,Just had the best coffee at this new place downtown,,,,,synthetic
organic_014,2026-03-05T07:55:22.384982+00:00,Congratulations to the team!,,,,,synthetic
organic_019,2026-03-05T08:13:02.690940+00:00,This recipe turned out amazing,,,,,synthetic
coord_g1_01,2026-03-05T08:13:28.935026+00:00,Another day another cover up by the elites,https://patriotwatch.net/breaking/1212,"sharetruth,technologytruth,immigrationtruth",,,synthetic
coord_g1_03,2026-03-05T08:15:46.975200+00:00,Millions of illegals flooding in and nobody cares,,"technologytruth,resist",,,synthetic
coord_g1_00,2026-03-05T08:16:53.313812+00:00,Crime rates skyrocketing in border states,,,coord_g1_03,,synthetic
coord_g1_02,2026-03-05T08:18:41.667519+00:00,The mainstream media won't cover this story,https://patriotwatch.net/breaking/9177,,,,synthetic
organic_008,2026-03-05T08:38:04.096300+00:00,Monday mood: need more coffee,,,,,synthetic
coord_g0_03,2026-03-05T08:40:35.544421+00:00,Millions of illegals flooding in and nobody cares,https://realfacts.blog/post/9606,resist,,,synthetic
coord_g0_00,2026-03-05T08:40:57.924057+00:00,They don't want you to know the truth,,"wakeup,breaking",,,synthetic
coord_g0_02,2026-03-05T08:41:48.261589+00:00,Open borders are destroying our communities,,,,coord_g0_00,synthetic
coord_g0_01,2026-03-05T08:42:09.696536+00:00,Millions of illegals flooding in and nobody cares,,"breaking,climatetruth",,,synthetic
organic_015,2026-03-05T08:55:43.220997+00:00,Beautiful sunset today,,,,,synthetic
organic_018,2026-03-05T09:10:21.047568+00:00,This recipe turned out amazing,,mood,,,synthetic
organic_008,2026-03-05T09:12:04.928124+00:00,New album is fire honestly,,,,,synthetic
organic_016,2026-03-05T09:46:42.911795+00:00,Trying a new workout routine this week,,,,,synthetic
coord_g0_03,2026-03-05T09:52:51.319497+00:00,Millions of illegals flooding in and nobody cares,,"immigrationtruth,climatetruth",,,synthetic
organic_016,2026-03-05T09:57:33.983432+00:00,This weather is perfect for a hike,,,,,synthetic
organic_011,2026-03-05T10:15:44.711693+00:00,Great discussion at today's meetup,,,,,synthetic
organic_017,2026-03-05T10:20:58.195514+00:00,Trying a new workout routine this week,,,,,synthetic
organic_002,2026-03-05T10:33:55.565950+00:00,This weather is perfect for a hike,,,,,synthetic
organic_019,2026-03-05T10:35:11.725061+00:00,New album is fire honestly,,,,,synthetic
organic_001,2026-03-05T10:37:58.568344+00:00,New album is fire honestly,,,,,synthetic
organic_011,2026-03-05T10:42:07.823763+00:00,Trying a new workout routine this week,,vibes,,,synthetic
organic_005,2026-03-05T11:18:20.215601+00:00,Great discussion at today's meetup,,,,,synthetic
organic_004,2026-03-05T11:32:37.751854+00:00,Just finished reading a great book,,,,,synthetic
organic_004,2026-03-05T11:38:34.154853+00:00,Great discussion at today's meetup,,,,,synthetic
organic_003,2026-03-05T11:51:31.337796+00:00,This recipe turned out amazing,,,,,synthetic
organic_018,2026-03-05T12:14:20.247036+00:00,Happy birthday to my amazing friend!,,,,,synthetic
coord_g0_01,2026-03-05T12:29:12.131523+00:00,Wake up and share this with everyone you know,,,,,synthetic
coord_g1_03,2026-03-05T12:50:21.499036+00:00,Crime rates skyrocketing in border states,,,,,synthetic
organic_002,2026-03-05T13:07:31.953551+00:00,Looking forward to vacation next month,,,,,synthetic
coord_g1_03,2026-03-05T13:42:23.853543+00:00,Crime rates skyrocketing in border states,,,,,synthetic
organic_019,2026-03-05T13:47:42.470943+00:00,This recipe turned out amazing,,,,,synthetic
organic_015,2026-03-05T13:52:30.705116+00:00,Just finished reading a great book,,,,,synthetic
organic_018,2026-03-05T14:18:13.526310+00:00,This recipe turned out amazing,,love,,,synthetic
coord_g0_01,2026-03-05T14:22:58.603511+00:00,Open borders are destroying our communities,https://realfacts.blog/post/7722,,,coord_g0_00,synthetic
coord_g0_00,2026-03-05T14:23:14.429948+00:00,Something big is about to happen stay alert,,"climatetruth,immigrationtruth,resist",,,synthetic
coord_g0_03,2026-03-05T14:23:58.142191+00:00,The mainstream media won't cover this story,,,,,synthetic
coord_g0_02,2026-03-05T14:25:44.887080+00:00,Another day another cover up by the elites,,resist,,,synthetic
organic_013,2026-03-05T14:36:07.914246+00:00,Congratulations to the team!,,,,,synthetic
coord_g0_01,2026-03-05T14:58:51.690023+00:00,Can't believe more people aren't talking about this,,,,,synthetic
coord_g0_02,2026-03-05T14:58:55.274072+00:00,Wake up and share this with everyone you know,,immigrationtruth,,,synthetic
coord_g0_03,2026-03-05T15:02:07.886184+00:00,Open borders are destroying our communities,,"breaking,immigrationtruth",,,synthetic
coord_g0_00,2026-03-05T15:03:24.857737+00:00,Millions of illegals flooding in and nobody cares,,resist,coord_g0_01,,synthetic
organic_018,2026-03-05T15:16:16.634124+00:00,Congratulations to the team!,,goals,,,synthetic
coord_g0_03,2026-03-05T15:36:43.826856+00:00,Wake up and share this with everyone you know,,immigrationtruth,,,synthetic
organic_010,2026-03-05T15:37:36.511914+00:00,Trying a new workout routine this week,,,,,synthetic
organic_010,2026-03-05T15:38:29.680327+00:00,Great discussion at today's meetup,,fun,,,synthetic
coord_g1_02,2026-03-05T15:42:59.084734+00:00,Can't believe more people aren't talking about this,,"sharetruth,technologytruth",,,synthetic
coord_g1_00,2026-03-05T15:43:57.164960+00:00,Another day another cover up by the elites,https://patriotwatch.net/breaking/9177,,,,synthetic
coord_g1_03,2026-03-05T15:46:10.496730+00:00,They don't want you to know the truth,https://realfacts.blog/post/5972,,,,synthetic
coord_g1_01,2026-03-05T15:46:13.951297+00:00,Crime rates skyrocketing in border states,https://realfacts.blog/post/5972,immigrationtruth,coord_g1_03,,synthetic
organic_007,2026-03-05T15:49:02.803427+00:00,Just finished reading a great book,,,,,synthetic
organic_019,2026-03-05T15:52:35.964327+00:00,Trying a new workout routine this week,,,,,synthetic
organic_014,2026-03-05T15:56:17.231452+00:00,Trying a new workout routine this week,,,,,synthetic
organic_012,2026-03-05T16:08:21.556154+00:00,Monday mood: need more coffee,,,,,synthetic
organic_019,2026-03-05T16:11:49.532218+00:00,Traffic is terrible today,,,,,synthetic
organic_000,2026-03-05T16:20:52.757420+00:00,Anyone watching the game tonight?,,,,,synthetic
coord_g1_00,2026-03-05T16:41:34.441638+00:00,Wake up and share this with everyone you know,,,,,synthetic
organic_012,2026-03-05T16:48:13.114869+00:00,Happy birthday to my amazing friend!,,,,,synthetic
organic_013,2026-03-05T16:51:13.334474+00:00,This recipe turned out amazing,,,,,synthetic
organic_007,2026-03-05T17:10:16.932128+00:00,Just had the best coffee at this new place downtown,,,,,synthetic
organic_013,2026-03-05T17:12:35.951812+00:00,Trying a new workout routine this week,,,,,synthetic
organic_019,2026-03-05T17:26:31.897127+00:00,Just finished reading a great book,,,,,synthetic
organic_001,2026-03-05T17:28:52.167553+00:00,Just finished reading a great book,,,,,synthetic
organic_000,2026-03-05T17:32:47.875699+00:00,Just had the best coffee at this new place downtown,,,,,synthetic
organic_011,2026-03-05T17:35:50.523617+00:00,Beautiful sunset today,,,,,synthetic
coord_g0_02,2026-03-05T17:40:46.894826+00:00,They don't want you to know the truth,,"wakeup,climatetruth,breaking",,,synthetic
coord_g0_03,2026-03-05T17:41:29.815832+00:00,Millions of illegals flooding in and nobody cares,https://uncensored-report.com/9156,"climatetruth,wakeup,immigrationtruth",,,synthetic
coord_g0_00,2026-03-05T17:42:45.010065+00:00,This is really important please share widely,,"immigrationtruth,climatetruth",,,synthetic
coord_g0_01,2026-03-05T17:44:15.693800+00:00,Something big is about to happen stay alert,https://patriotwatch.net/breaking/5055,,,,synthetic
organic_013,2026-03-05T17:46:39.612511+00:00,Just had the best coffee at this new place downtown,,,,,synthetic
organic_008,2026-03-05T18:15:57.099982+00:00,Just finished reading a great book,,,,,synthetic
organic_010,2026-03-05T18:23:59.152140+00:00,Monday mood: need more coffee,,love,,,synthetic
organic_020,2026-03-05T18:40:34.524258+00:00,Great discussion at today's meetup,,,,,synthetic
coord_g0_02,2026-03-05T18:56:43.918604+00:00,Can't believe more people aren't talking about this,,wakeup,,,synthetic
organic_021,2026-03-05T19:16:31.175316+00:00,Traffic is terrible today,,mood,,,synthetic
organic_020,2026-03-05T19:23:34.716777+00:00,Trying a new workout routine this week,,,,,synthetic
organic_016,2026-03-05T19:39:54.170222+00:00,This weather is perfect for a hike,,,,,synthetic
coord_g1_01,2026-03-05T19:41:48.365573+00:00,Open borders are destroying our communities,,"immigrationtruth,sharetruth",,,synthetic
organic_006,2026-03-05T19:44:26.035097+00:00,Great discussion at today's meetup,,,,,synthetic
organic_008,2026-03-05T19:59:56.241029+00:00,Happy birthday to my amazing friend!,,,,,synthetic
organic_006,2026-03-05T20:14:43.600054+00:00,Great discussion at today's meetup,,,,,synthetic
organic_012,2026-03-05T20:22:06.365223+00:00,Can't wait for the weekend,,,,,synthetic
organic_003,2026-03-05T20:26:17.861254+00:00,Just had the best coffee at this new place downtown,,,,,synthetic
coord_g0_03,2026-03-05T20:38:45.564855+00:00,Wake up and share this with everyone you know,,,,,synthetic
organic_016,2026-03-05T20:41:55.653707+00:00,Looking forward to vacation next month,,,,,synthetic
organic_020,2026-03-05T20:59:29.472325+00:00,Traffic is terrible today,,,,,synthetic
coord_g0_03,2026-03-05T21:11:56.966783+00:00,Open borders are destroying our communities,,,,,synthetic
organic_016,2026-03-05T21:13:15.416086+00:00,Trying a new workout routine this week,,,,,synthetic
coord_g1_01,2026-03-05T21:27:44.266316+00:00,Something big is about to happen stay alert,,"immigrationtruth,sharetruth",,,synthetic
organic_014,2026-03-05T21:33:29.831152+00:00,Can't wait for the weekend,,,,,synthetic
coord_g0_00,2026-03-05T21:51:22.827917+00:00,Something big is about to happen stay alert,,,,,synthetic
coord_g1_00,2026-03-05T21:56:23.211082+00:00,They don't want you to know the truth,,,,,synthetic
organic_010,2026-03-05T21:58:27.326395+00:00,Just had the best coffee at this new place downtown,,,,,synthetic
organic_005,2026-03-05T22:05:13.592462+00:00,Congratulations to the team!,,,,,synthetic
organic_016,2026-03-05T22:05:23.064329+00:00,Can't wait for the weekend,,,,,synthetic
organic_004,2026-03-05T22:20:49.506681+00:00,Traffic is terrible today,,,,,synthetic
organic_018,2026-03-05T22:22:50.620378+00:00,Trying a new workout routine this week,,,,,synthetic
organic_020,2026-03-05T22:25:01.935898+00:00,Congratulations to the team!,,,,,synthetic
coord_g0_02,2026-03-05T22:26:42.009724+00:00,Millions of illegals flooding in and nobody cares,,resist,,,synthetic
organic_003,2026-03-05T22:41:25.279787+00:00,This weather is perfect for a hike,,,,,synthetic
organic_000,2026-03-05T22:51:59.535635+00:00,Can't wait for the weekend,,,,,synthetic
organic_017,2026-03-05T23:04:33.574347+00:00,Monday mood: need more coffee,,,,,synthetic
organic_015,2026-03-05T23:18:10.844185+00:00,Beautiful sunset today,,,,,synthetic
organic_004,2026-03-05T23:21:07.721173+00:00,Great discussion at today's meetup,,,,,synthetic
organic_020,2026-03-05T23:26:36.434479+00:00,Trying a new workout routine this week,,vibes,,,synthetic
organic_010,2026-03-05T23:31:12.373666+00:00,Looking forward to vacation next month,,,,,synthetic
organic_019,2026-03-05T23:35:04.356415+00:00,Congratulations to the team!,,,,,synthetic
organic_016,2026-03-05T23:36:26.911057+00:00,Just finished reading a great book,,,,,synthetic
organic_007,2026-03-05T23:36:39.463052+00:00,Trying a new workout routine this week,,,,,synthetic
organic_011,2026-03-06T00:18:52.497051+00:00,Great discussion at today's meetup,,vibes,,,synthetic
coord_g1_01,2026-03-06T00:19:38.069796+00:00,Another day another cover up by the elites,https://patriotwatch.net/breaking/1212,,,,synthetic
coord_g1_02,2026-03-06T00:23:40.465744+00:00,This is really important please share widely,,,,,synthetic
coord_g1_00,2026-03-06T00:23:47.434634+00:00,Millions of illegals flooding in and nobody cares,,,,,synthetic
organic_020,2026-03-06T00:24:35.215776+00:00,Anyone watching the game tonight?,,,,,synthetic
coord_g1_03,2026-03-06T00:24:54.361325+00:00,Millions of illegals flooding in and nobody cares,,,,,synthetic
organic_003,2026-03-06T00:48:05.602739+00:00,New album is fire honestly,,,,,synthetic
coord_g0_01,2026-03-06T01:01:16.505997+00:00,This is really important please share widely,,,,,synthetic
organic_002,2026-03-06T01:06:55.919400+00:00,Beautiful sunset today,,,,,synthetic
coord_g1_02,2026-03-06T01:19:02.422858+00:00,Millions of illegals flooding in and nobody cares,,,coord_g1_00,,synthetic
coord_g1_00,2026-03-06T01:20:49.218534+00:00,They don't want you to know the truth,,"sharetruth,resist,technologytruth",,,synthetic
coord_g1_01,2026-03-06T01:21:24.400044+00:00,Something big is about to happen stay alert,https://freedomdaily.org/expose/8028,,,coord_g1_00,synthetic
coord_g1_03,2026-03-06T01:22:35.489946+00:00,Millions of illegals flooding in and nobody cares,https://freedomdaily.org/expose/5549,"technologytruth,sharetruth,sharetruth",,,synthetic
organic_001,2026-03-06T01:22:41.818307+00:00,Beautiful sunset today,,,,,synthetic
organic_013,2026-03-06T01:31:15.083302+00:00,Beautiful sunset today,,,,,synthetic
organic_015,2026-03-06T01:51:02.565838+00:00,Happy birthday to my amazing friend!,,,,,synthetic
coord_g0_01,2026-03-06T02:05:21.145848+00:00,Something big is about to happen stay alert,,,,,synthetic
organic_012,2026-03-06T02:10:38.906823+00:00,Monday mood: need more coffee,,love,,,synthetic
organic_000,2026-03-06T02:15:44.151062+00:00,Happy birthday to my amazing friend!,,,,,synthetic
coord_g0_02,2026-03-06T02:38:12.472178+00:00,Crime rates skyrocketing in border states,,,,,synthetic
organic_010,2026-03-06T02:55:40.120514+00:00,Congratulations to the team!,,life,,,synthetic
organic_002,2026-03-06T02:55:59.904869+00:00,Happy birthday to my amazing friend!,,,,,synthetic
organic_010,2026-03-06T03:01:30.575885+00:00,Can't wait for the weekend,,,,,synthetic
coord_g1_00,2026-03-06T03:20:00.968565+00:00,Open borders are destroying our communities,,,,,synthetic
coord_g1_01,2026-03-06T03:21:27.788568+00:00,Wake up and share this with everyone you know,,"sharetruth,immigrationtruth",,,synthetic
coord_g1_03,2026-03-06T03:22:14.109840+00:00,Can't believe more people aren't talking about this,,"sharetruth,sharetruth",,,synthetic
coord_g1_02,2026-03-06T03:22:48.117123+00:00,They want cheap labor and don't care about you,,sharetruth,coord_g1_00,,synthetic
organic_002,2026-03-06T04:06:22.339339+00:00,Happy birthday to my amazing friend!,,,,,synthetic
organic_015,2026-03-06T04:19:53.311373+00:00,Beautiful sunset today,,,,,synthetic
organic_001,2026-03-06T04:31:39.622987+00:00,Looking forward to vacation next month,,,,,synthetic
coord_g1_03,2026-03-06T04:51:57.458168+00:00,Another day another cover up by the elites,,technologytruth,,,synthetic
coord_g0_02,2026-03-06T04:57:14.490585+00:00,Millions of illegals flooding in and nobody cares,,,,,synthetic
coord_g0_03,2026-03-06T05:34:30.619656+00:00,The mainstream media won't cover this story,,resist,,,synthetic
organic_001,2026-03-06T05:41:56.559609+00:00,Congratulations to the team!,,,,,synthetic
organic_014,2026-03-06T05:55:51.659417+00:00,Traffic is terrible today,,,,,synthetic
organic_011,2026-03-06T06:30:43.077030+00:00,Can't wait for the weekend,,,,,synthetic
organic_017,2026-03-06T06:39:22.050781+00:00,Beautiful sunset today,,mood,,,synthetic
coord_g0_01,2026-03-06T07:06:22.035134+00:00,They want cheap labor and don't care about you,,,,,synthetic
coord_g0_02,2026-03-06T07:17:09.332573+00:00,Crime rates skyrocketing in border states,,,,,synthetic
organic_014,2026-03-06T07:39:56.033177+00:00,Just had the best coffee at this new place downtown,,,,,synthetic
organic_008,2026-03-06T07:42:52.741544+00:00,New album is fire honestly,,,,,synthetic
organic_006,2026-03-06T08:03:23.734498+00:00,Anyone watching the game tonight?,,,,,synthetic
organic_008,2026-03-06T08:15:07.265428+00:00,Congratulations to the team!,,,,,synthetic
organic_000,2026-03-06T09:13:52.775925+00:00,Congratulations to the team!,,,,,synthetic
organic_014,2026-03-06T09:28:42.871105+00:00,New album is fire honestly,,,,,synthetic
organic_008,2026-03-06T09:42:53.364789+00:00,New album is fire honestly,,,,,synthetic
organic_020,2026-03-06T09:48:00.639970+00:00,Anyone watching the game tonight?,,,,,synthetic
organic_004,2026-03-06T10:15:30.388187+00:00,Monday mood: need more coffee,,,,,synthetic
organic_006,2026-03-06T10:17:40.852333+00:00,Anyone watching the game tonight?,,,,,synthetic
organic_001,2026-03-06T10:24:20.667247+00:00,Happy birthday to my amazing friend!,,,,,synthetic
coord_g0_02,2026-03-06T10:41:18.880761+00:00,Open borders are destroying our communities,,,,,synthetic
organic_000,2026-03-06T10:53:16.620983+00:00,Just finished reading a great book,,,,,synthetic
organic_017,2026-03-06T10:57:26.493890+00:00,This weather is perfect for a hike,,,,,synthetic
organic_020,2026-03-06T11:13:57.387177+00:00,Can't wait for the weekend,,,,,synthetic
organic_002,2026-03-06T11:17:22.638914+00:00,New album is fire honestly,,,,,synthetic
coord_g0_01,2026-03-06T11:20:23.969460+00:00,Another day another cover up by the elites,https://realfacts.blog/post/9606,climatetruth,,,synthetic
coord_g0_02,2026-03-06T11:21:03.304283+00:00,Open borders are destroying our communities,https://uncensored-report.com/6467,"climatetruth,breaking",,,synthetic
coord_g0_03,2026-03-06T11:21:19.845294+00:00,Crime rates skyrocketing in border states,https://truthnews247.com/article/3730,"immigrationtruth,wakeup",,,synthetic
coord_g0_00,2026-03-06T11:24:17.188902+00:00,Open borders are destroying our communities,https://patriotwatch.net/breaking/5153,climatetruth,,coord_g0_01,synthetic
organic_009,2026-03-06T11:32:51.981698+00:00,Monday mood: need more coffee,,,,,synthetic
organic_007,2026-03-06T12:18:45.829001+00:00,Can't wait for the weekend,,,,,synthetic
organic_012,2026-03-06T12:24:04.597584+00:00,Just had the best coffee at this new place downtown,,,,,synthetic
organic_021,2026-03-06T12:28:00.797236+00:00,New album is fire honestly,,,,,synthetic
organic_000,2026-03-06T13:41:11.018241+00:00,New album is fire honestly,,,,,synthetic
organic_002,2026-03-06T13:55:00.966780+00:00,Happy birthday to my amazing friend!,,,,,synthetic
organic_011,2026-03-06T14:35:36.888316+00:00,Monday mood: need more coffee,,goals,,,synthetic
organic_001,2026-03-06T14:39:00.375690+00:00,Happy birthday to my amazing friend!,,,,,synthetic
organic_005,2026-03-06T14:48:12.760171+00:00,This weather is perfect for a hike,,,,,synthetic
organic_005,2026-03-06T15:04:48.645747+00:00,Traffic is terrible today,,,,,synthetic
organic_010,2026-03-06T15:10:03.675887+00:00,Can't wait for the weekend,,,,,synthetic
coord_g1_00,2026-03-06T15:22:56.769293+00:00,Can't believe more people aren't talking about this,,,,,synthetic
organic_006,2026-03-06T15:47:11.129484+00:00,Traffic is terrible today,,,,,synthetic
coord_g0_01,2026-03-06T15:48:04.245905+00:00,Another day another cover up by the elites,,,,,synthetic
organic_009,2026-03-06T16:11:40.430333+00:00,Monday mood: need more coffee,,,,,synthetic
organic_010,2026-03-06T16:36:36.403232+00:00,Great discussion at today's meetup,,,,,synthetic
organic_018,2026-03-06T16:44:44.114656+00:00,Just finished reading a great book,,,,,synthetic
organic_005,2026-03-06T16:44:52.152429+00:00,Just finished reading a great book,,,,,synthetic
organic_011,2026-03-06T17:07:21.232818+00:00,Can't wait for the weekend,,,,,synthetic
organic_005,2026-03-06T17:39:05.362489+00:00,Monday mood: need more coffee,,,,,synthetic
organic_014,2026-03-06T17:51:39.820633+00:00,Traffic is terrible today,,,,,synthetic
organic_000,2026-03-06T18:19:50.925629+00:00,Can't wait for the weekend,,love,,,synthetic
coord_g0_01,2026-03-06T18:31:01.445472+00:00,They want cheap labor and don't care about you,,,,,synthetic
organic_009,2026-03-06T19:04:26.454097+00:00,This weather is perfect for a hike,,,,,synthetic
organic_006,2026-03-06T19:04:45.790515+00:00,Traffic is terrible today,,,,,synthetic
organic_007,2026-03-06T19:51:07.511282+00:00,Congratulations to the team!,,,,,synthetic
coord_g1_00,2026-03-06T20:05:59.929122+00:00,Another day another cover up by the elites,,,,,synthetic
organic_000,2026-03-06T20:19:56.284889+00:00,This weather is perfect for a hike,,goals,,,synthetic
organic_005,2026-03-06T21:58:16.210934+00:00,Just finished reading a great book,,,,,synthetic
organic_011,2026-03-06T22:11:26.518871+00:00,New album is fire honestly,,,,,synthetic
organic_016,2026-03-06T22:14:02.570256+00:00,Just had the best coffee at this new place downtown,,,,,synthetic
organic_014,2026-03-06T22:17:16.240381+00:00,Just finished reading a great book,,,,,synthetic
organic_017,2026-03-06T22:18:14.716334+00:00,Happy birthday to my amazing friend!,,love,,,synthetic
coord_g1_03,2026-03-06T22:23:39.664511+00:00,Crime rates skyrocketing in border states,,,,,synthetic
coord_g1_01,2026-03-06T22:57:27.122202+00:00,Another day another cover up by the elites,https://realfacts.blog/post/3327,"resist,sharetruth,immigrationtruth",,coord_g1_00,synthetic
coord_g1_00,2026-03-06T23:01:10.333417+00:00,Crime rates skyrocketing in border states,,"sharetruth,sharetruth,immigrationtruth",,,synthetic
coord_g1_02,2026-03-06T23:02:14.054937+00:00,Open borders are destroying our communities,https://uncensored-report.com/6089,"resist,immigrationtruth,technologytruth",,,synthetic
coord_g1_03,2026-03-06T23:03:47.146693+00:00,They want cheap labor and don't care about you,https://uncensored-report.com/1228,"sharetruth,resist,technologytruth",,,synthetic
organic_013,2026-03-06T23:15:03.161563+00:00,Looking forward to vacation next month,,,,,synthetic
organic_019,2026-03-06T23:28:57.011975+00:00,Just had the best coffee at this new place downtown,,goals,,,synthetic
organic_021,2026-03-06T23:33:05.704545+00:00,New album is fire honestly,,,,,synthetic
coord_g0_01,2026-03-06T23:38:08.486918+00:00,Something big is about to happen stay alert,,,,,synthetic
organic_008,2026-03-06T23:55:02.653314+00:00,Great discussion at today's meetup,,vibes,,,synthetic
coord_g0_02,2026-03-07T00:13:54.397895+00:00,Can't believe more people aren't talking about this,,,,,synthetic
coord_g0_02,2026-03-07T00:15:29.394800+00:00,Wake up and share this with everyone you know,,,,,synthetic
organic_007,2026-03-07T00:34:04.172518+00:00,Just finished reading a great book,,,,,synthetic
organic_018,2026-03-07T00:44:06.492739+00:00,Monday mood: need more coffee,,vibes,,,synthetic
coord_g1_03,2026-03-07T00:53:11.422038+00:00,Crime rates skyrocketing in border states,,"resist,technologytruth",,,synthetic
organic_020,2026-03-07T01:02:42.218084+00:00,Trying a new workout routine this week,,,,,synthetic
organic_008,2026-03-07T01:11:17.097194+00:00,Monday mood: need more coffee,,life,,,synthetic
organic_012,2026-03-07T01:18:00.298992+00:00,Anyone watching the game tonight?,,,,,synthetic
organic_017,2026-03-07T01:23:00.815871+00:00,Great discussion at today's meetup,,,,,synthetic
coord_g1_02,2026-03-07T01:30:19.304609+00:00,They want cheap labor and don't care about you,,,,,synthetic
organic_001,2026-03-07T01:54:59.175789+00:00,Can't wait for the weekend,,,,,synthetic
organic_010,2026-03-07T02:06:32.208014+00:00,Anyone watching the game tonight?,,,,,synthetic
coord_g0_01,2026-03-07T02:14:22.755227+00:00,They want cheap labor and don't care about you,,,,,synthetic
organic_020,2026-03-07T02:27:09.031524+00:00,Looking forward to vacation next month,,,,,synthetic
organic_011,2026-03-07T02:27:27.627246+00:00,Just had the best coffee at this new place downtown,,,,,synthetic
organic_011,2026-03-07T02:30:33.561400+00:00,Trying a new workout routine this week,,mood,,,synthetic
organic_008,2026-03-07T02:34:44.291212+00:00,Congratulations to the team!,,,,,synthetic
organic_019,2026-03-07T02:44:42.343768+00:00,Traffic is terrible today,,,,,synthetic
organic_012,2026-03-07T03:06:50.081973+00:00,Just had the best coffee at this new place downtown,,,,,synthetic
organic_017,2026-03-07T03:09:33.838307+00:00,Just finished reading a great book,,vibes,,,synthetic
coord_g0_01,2026-03-07T03:10:39.927146+00:00,Millions of illegals flooding in and nobody cares,,breaking,,,synthetic
coord_g1_03,2026-03-07T03:19:43.516698+00:00,This is really important please share widely,,,,,synthetic
organic_019,2026-03-07T03:36:30.972191+00:00,Can't wait for the weekend,,,,,synthetic
organic_014,2026-03-07T03:45:01.250400+00:00,New album is fire honestly,,,,,synthetic
organic_017,2026-03-07T03:52:14.637940+00:00,Anyone watching the game tonight?,,,,,synthetic
organic_006,2026-03-07T03:52:24.624005+00:00,New album is fire honestly,,,,,synthetic
organic_010,2026-03-07T04:21:11.233411+00:00,Happy birthday to my amazing friend!,,,,,synthetic
organic_002,2026-03-07T04:45:16.717832+00:00,Anyone watching the game tonight?,,,,,synthetic
organic_017,2026-03-07T05:00:12.574553+00:00,Trying a new workout routine this week,,goals,,,synthetic
organic_019,2026-03-07T05:05:37.087153+00:00,Trying a new workout routine this week,,,,,synthetic
organic_012,2026-03-07T05:17:47.791502+00:00,Anyone watching the game tonight?,,,,,synthetic
organic_010,2026-03-07T05:41:40.333234+00:00,Looking forward to vacation next month,,,,,synthetic
organic_020,2026-03-07T06:04:11.226970+00:00,Trying a new workout routine this week,,,,,synthetic
organic_021,2026-03-07T06:27:04.305470+00:00,Anyone watching the game tonight?,,,,,synthetic
organic_000,2026-03-07T06:42:56.880570+00:00,Traffic is terrible today,,life,,,synthetic
organic_015,2026-03-07T06:45:18.045587+00:00,Great discussion at today's meetup,,life,,,synthetic
coord_g1_00,2026-03-07T07:04:12.317215+00:00,They don't want you to know the truth,,technologytruth,,,synthetic
organic_021,2026-03-07T07:07:27.986232+00:00,Can't wait for the weekend,,,,,synthetic
organic_015,2026-03-07T07:13:24.243750+00:00,Can't wait for the weekend,,,,,synthetic
organic_019,2026-03-07T07:33:01.531540+00:00,Beautiful sunset today,,,,,synthetic
coord_g0_00,2026-03-07T07:41:05.922976+00:00,The mainstream media won't cover this story,,"climatetruth,resist",,,synthetic
organic_018,2026-03-07T08:12:14.346256+00:00,Just finished reading a great book,,,,,synthetic
organic_000,2026-03-07T08:35:06.806637+00:00,Anyone watching the game tonight?,,life,,,synthetic
organic_003,2026-03-07T08:43:25.935027+00:00,This recipe turned out amazing,,,,,synthetic
organic_013,2026-03-07T08:48:24.471703+00:00,This weather is perfect for a hike,,,,,synthetic
organic_021,2026-03-07T09:06:13.240636+00:00,Monday mood: need more coffee,,,,,synthetic
organic_003,2026-03-07T09:08:13.140326+00:00,Trying a new workout routine this week,,,,,synthetic
organic_018,2026-03-07T09:23:22.625210+00:00,This weather is perfect for a hike,,,,,synthetic
organic_011,2026-03-07T09:53:45.215331+00:00,Traffic is terrible today,,mood,,,synthetic
organic_018,2026-03-07T09:56:27.994349+00:00,Just finished reading a great book,,,,,synthetic
organic_016,2026-03-07T10:17:01.559492+00:00,This weather is perfect for a hike,,,,,synthetic
organic_015,2026-03-07T10:39:17.125832+00:00,Can't wait for the weekend,,love,,,synthetic
organic_000,2026-03-07T10:49:02.169017+00:00,Monday mood: need more coffee,,,,,synthetic
coord_g0_03,2026-03-07T11:37:59.300098+00:00,Millions of illegals flooding in and nobody cares,,"immigrationtruth,breaking,climatetruth",,,synthetic
coord_g0_01,2026-03-07T11:40:10.297936+00:00,They want cheap labor and don't care about you,,"immigrationtruth,resist",,,synthetic
coord_g0_00,2026-03-07T11:41:10.651332+00:00,Something big is about to happen stay alert,https://truthnews247.com/article/1284,wakeup,,,synthetic
coord_g0_02,2026-03-07T11:42:47.987598+00:00,Crime rates skyrocketing in border states,,,,,synthetic
organic_010,2026-03-07T11:59:30.988132+00:00,This weather is perfect for a hike,,goals,,,synthetic
organic_008,2026-03-07T12:19:43.223916+00:00,Anyone watching the game tonight?,,,,,synthetic
organic_010,2026-03-07T12:34:55.788363+00:00,Trying a new workout routine this week,,,,,synthetic
organic_013,2026-03-07T12:36:43.677486+00:00,Looking forward to vacation next month,,,,,synthetic
organic_005,2026-03-07T12:47:39.492845+00:00,Just finished reading a great book,,,,,synthetic
coord_g0_00,2026-03-07T12:55:29.125354+00:00,They want cheap labor and don't care about you,,resist,,,synthetic
organic_021,2026-03-07T12:57:00.293106+00:00,This weather is perfect for a hike,,,,,synthetic
coord_g1_02,2026-03-07T13:01:14.795932+00:00,The mainstream media won't cover this story,,sharetruth,,,synthetic
organic_019,2026-03-07T13:12:55.542429+00:00,Traffic is terrible today,,,,,synthetic
organic_017,2026-03-07T14:00:02.996871+00:00,New album is fire honestly,,,,,synthetic
coord_g1_03,2026-03-07T14:05:25.693145+00:00,They want cheap labor and don't care about you,,,,,synthetic
organic_020,2026-03-07T14:06:20.651411+00:00,Just finished reading a great book,,,,,synthetic
organic_021,2026-03-07T14:07:05.418756+00:00,Monday mood: need more coffee,,,,,synthetic
organic_003,2026-03-07T14:13:34.881435+00:00,New album is fire honestly,,mood,,,synthetic
coord_g1_01,2026-03-07T14:25:01.151459+00:00,Can't believe more people aren't talking about this,,,,,synthetic
organic_020,2026-03-07T14:34:05.331975+00:00,Traffic is terrible today,,,,,synthetic
organic_017,2026-03-07T14:37:50.735495+00:00,Looking forward to vacation next month,,,,,synthetic
organic_015,2026-03-07T14:56:37.547796+00:00,Can't wait for the weekend,,,,,synthetic
organic_014,2026-03-07T14:57:06.097570+00:00,Great discussion at today's meetup,,,,,synthetic
coord_g1_02,2026-03-07T14:59:17.470617+00:00,This is really important please share widely,,,,,synthetic
organic_001,2026-03-07T15:08:50.186650+00:00,Anyone watching the game tonight?,,,,,synthetic
organic_021,2026-03-07T15:10:32.142447+00:00,Happy birthday to my amazing friend!,,,,,synthetic
organic_005,2026-03-07T15:24:08.531835+00:00,New album is fire honestly,,,,,synthetic
organic_015,2026-03-07T15:29:48.067981+00:00,New album is fire honestly,,,,,synthetic
organic_004,2026-03-07T15:34:34.490209+00:00,Can't wait for the weekend,,,,,synthetic
organic_007,2026-03-07T15:40:17.048648+00:00,Can't wait for the weekend,,,,,synthetic
organic_003,2026-03-07T16:06:00.339219+00:00,Looking forward to vacation next month,,,,,synthetic
coord_g1_01,2026-03-07T16:11:50.198383+00:00,Millions of illegals flooding in and nobody cares,,technologytruth,,,synthetic
organic_014,2026-03-07T16:29:12.209289+00:00,Monday mood: need more coffee,,,,,synthetic
organic_001,2026-03-07T16:29:57.876024+00:00,Anyone watching the game tonight?,,,,,synthetic
coord_g0_02,2026-03-07T16:35:56.696610+00:00,They want cheap labor and don't care about you,,"resist,breaking",,,synthetic
organic_019,2026-03-07T16:45:39.930022+00:00,Monday mood: need more coffee,,,,,synthetic
organic_009,2026-03-07T17:10:39.967934+00:00,Monday mood: need more coffee,,,,,synthetic
organic_011,2026-03-07T17:19:44.857501+00:00,Trying a new workout routine this week,,,,,synthetic
organic_004,2026-03-07T17:23:30.723847+00:00,Monday mood: need more coffee,,vibes,,,synthetic
organic_008,2026-03-07T17:39:41.110052+00:00,Congratulations to the team!,,,,,synthetic
organic_009,2026-03-07T18:04:51.797763+00:00,Congratulations to the team!,,,,,synthetic
coord_g0_00,2026-03-07T18:26:50.703903+00:00,Millions of illegals flooding in and nobody cares,,"climatetruth,breaking",,,synthetic
coord_g0_02,2026-03-07T18:27:39.817599+00:00,Wake up and share this with everyone you know,,"breaking,immigrationtruth",,,synthetic
coord_g0_03,2026-03-07T18:29:10.341370+00:00,They want cheap labor and don't care about you,,"breaking,climatetruth,resist",,,synthetic
coord_g0_01,2026-03-07T18:29:26.834118+00:00,The mainstream media won't cover this story,,,,,synthetic
organic_009,2026-03-07T18:36:33.527554+00:00,Great discussion at today's meetup,,,,,synthetic
coord_g1_01,2026-03-07T18:55:34.379946+00:00,Crime rates skyrocketing in border states,,"technologytruth,sharetruth",,,synthetic
organic_020,2026-03-07T19:02:09.453732+00:00,New album is fire honestly,,,,,synthetic
organic_017,2026-03-07T19:02:12.414185+00:00,Happy birthday to my amazing friend!,,,,,synthetic
organic_003,2026-03-07T19:05:00.430729+00:00,This recipe turned out amazing,,mood,,,synthetic
organic_008,2026-03-07T19:40:07.939766+00:00,Just had the best coffee at this new place downtown,,,,,synthetic
organic_000,2026-03-07T19:54:14.088151+00:00,Looking forward to vacation next month,,,,,synthetic
organic_014,2026-03-07T20:14:11.397318+00:00,Beautiful sunset today,,,,,synthetic
organic_018,2026-03-07T20:51:13.682294+00:00,Congratulations to the team!,,,,,synthetic
organic_001,2026-03-07T20:56:19.501318+00:00,Anyone watching the game tonight?,,,,,synthetic
organic_015,2026-03-07T21:20:31.465213+00:00,Just had the best coffee at this new place downtown,,,,,synthetic
organic_008,2026-03-07T21:48:16.320791+00:00,Beautiful sunset today,,,,,synthetic
organic_004,2026-03-07T21:56:11.929621+00:00,Beautiful sunset today,,,,,synthetic
organic_002,2026-03-07T22:46:59.568431+00:00,Looking forward to vacation next month,,vibes,,,synthetic
organic_020,2026-03-07T23:04:42.915752+00:00,New album is fire honestly,,vibes,,,synthetic
organic_002,2026-03-07T23:12:32.722487+00:00,Anyone watching the game tonight?,,,,,synthetic
coord_g1_00,2026-03-07T23:22:02.541428+00:00,They don't want you to know the truth,,,,,synthetic
organic_007,2026-03-07T23:35:19.611650+00:00,Great discussion at today's meetup,,,,,synthetic
organic_010,2026-03-07T23:39:41.982369+00:00,Looking forward to vacation next month,,,,,synthetic
organic_002,2026-03-07T23:47:34.307072+00:00,Beautiful sunset today,,,,,synthetic
organic_017,2026-03-07T23:54:29.876307+00:00,Beautiful sunset today,,,,,synthetic
organic_016,2026-03-07T23:55:17.886402+00:00,Beautiful sunset today,,,,,synthetic
organic_004,2026-03-07T23:57:13.773043+00:00,Happy birthday to my amazing friend!,,,,,synthetic
organic_015,2026-03-08T00:02:27.698016+00:00,Just had the best coffee at this new place downtown,,,,,synthetic
organic_018,2026-03-08T00:31:13.574316+00:00,Can't wait for the weekend,,,,,synthetic
organic_019,2026-03-08T00:40:04.898518+00:00,Can't wait for the weekend,,,,,synthetic
organic_003,2026-03-08T00:59:21.777215+00:00,Congratulations to the team!,,,,,synthetic
organic_019,2026-03-08T01:19:21.020462+00:00,Can't wait for the weekend,,,,,synthetic
organic_020,2026-03-08T01:21:21.072034+00:00,Beautiful sunset today,,life,,,synthetic
organic_010,2026-03-08T01:32:19.732127+00:00,Traffic is terrible today,,,,,synthetic
organic_012,2026-03-08T01:39:13.647294+00:00,Just had the best coffee at this new place downtown,,,,,synthetic
organic_008,2026-03-08T01:44:11.890327+00:00,Traffic is terrible today,,,,,synthetic
organic_014,2026-03-08T01:44:18.170162+00:00,Beautiful sunset today,,,,,synthetic
coord_g0_03,2026-03-08T01:53:43.907384+00:00,Millions of illegals flooding in and nobody cares,,,,,synthetic
organic_017,2026-03-08T01:59:11.814421+00:00,Traffic is terrible today,,,,,synthetic
organic_005,2026-03-08T03:10:15.511070+00:00,Trying a new workout routine this week,,,,,synthetic
organic_000,2026-03-08T03:38:51.930246+00:00,Anyone watching the game tonight?,,,,,synthetic
organic_016,2026-03-08T04:07:47.571843+00:00,Can't wait for the weekend,,,,,synthetic
coord_g0_00,2026-03-08T04:28:15.982791+00:00,Millions of illegals flooding in and nobody cares,,,,,synthetic
organic_009,2026-03-08T04:33:28.848931+00:00,Just finished reading a great book,,,,,synthetic
coord_g0_01,2026-03-08T04:36:19.149928+00:00,Wake up and share this with everyone you know,,,,,synthetic
coord_g0_00,2026-03-08T05:28:19.271290+00:00,Crime rates skyrocketing in border states,,,,,synthetic
coord_g1_01,2026-03-08T05:53:34.946718+00:00,Open borders are destroying our communities,,,,,synthetic
organic_010,2026-03-08T06:05:10.742117+00:00,Anyone watching the game tonight?,,,,,synthetic
organic_013,2026-03-08T06:14:32.732879+00:00,This recipe turned out amazing,,,,,synthetic
coord_g1_02,2026-03-08T06:14:44.109870+00:00,Crime rates skyrocketing in border states,,,,,synthetic
coord_g1_03,2026-03-08T06:45:31.365178+00:00,Millions of illegals flooding in and nobody cares,,,,,synthetic
organic_010,2026-03-08T06:46:09.483192+00:00,Monday mood: need more coffee,,,,,synthetic
coord_g0_03,2026-03-08T06:46:16.831982+00:00,Open borders are destroying our communities,,"breaking,resist",,,synthetic
organic_013,2026-03-08T06:54:40.905402+00:00,Anyone watching the game tonight?,,,,,synthetic
organic_020,2026-03-08T06:58:03.389449+00:00,Anyone watching the game tonight?,,,,,synthetic
organic_001,2026-03-08T07:30:28.357157+00:00,This recipe turned out amazing,,,,,synthetic
organic_006,2026-03-08T07:40:06.165071+00:00,Looking forward to vacation next month,,,,,synthetic
organic_008,2026-03-08T08:13:55.862909+00:00,Congratulations to the team!,,,,,synthetic
organic_005,2026-03-08T08:15:26.141723+00:00,Just finished reading a great book,,,,,synthetic
organic_010,2026-03-08T08:19:06.639656+00:00,This recipe turned out amazing,,goals,,,synthetic
organic_013,2026-03-08T08:26:39.039788+00:00,Looking forward to vacation next month,,,,,synthetic
organic_017,2026-03-08T08:54:40.351945+00:00,Can't wait for the weekend,,,,,synthetic
organic_012,2026-03-08T09:08:30.008923+00:00,Just finished reading a great book,,love,,,synthetic
coord_g0_02,2026-03-08T09:32:37.140333+00:00,Can't believe more people aren't talking about this,,"climatetruth,wakeup",,,synthetic
organic_019,2026-03-08T09:39:36.046395+00:00,Monday mood: need more coffee,,,,,synthetic
organic_019,2026-03-08T09:44:23.088015+00:00,Just finished reading a great book,,,,,synthetic
coord_g1_03,2026-03-08T09:45:00.818129+00:00,This is really important please share widely,,sharetruth,,,synthetic
organic_002,2026-03-08T10:08:59.183670+00:00,Monday mood: need more coffee,,,,,synthetic
coord_g1_00,2026-03-08T10:17:16.103248+00:00,Another day another cover up by the elites,,technologytruth,,,synthetic
organic_012,2026-03-08T10:28:01.354636+00:00,New album is fire honestly,,,,,synthetic
organic_003,2026-03-08T10:45:30.605930+00:00,Beautiful sunset today,,,,,synthetic
organic_001,2026-03-08T10:49:44.841884+00:00,Looking forward to vacation next month,,,,,synthetic
organic_004,2026-03-08T11:43:59.716477+00:00,Monday mood: need more coffee,,,,,synthetic
organic_006,2026-03-08T11:49:05.479437+00:00,Looking forward to vacation next month,,,,,synthetic
organic_012,2026-03-08T11:54:47.948098+00:00,Monday mood: need more coffee,,vibes,,,synthetic
organic_000,2026-03-08T12:24:44.101816+00:00,Happy birthday to my amazing friend!,,,,,synthetic
organic_012,2026-03-08T12:28:34.932729+00:00,Congratulations to the team!,,,,,synthetic
organic_003,2026-03-08T12:32:54.854804+00:00,Happy birthday to my amazing friend!,,,,,synthetic
organic_000,2026-03-08T12:49:12.447279+00:00,New album is fire honestly,,life,,,synthetic
coord_g0_02,2026-03-08T12:52:41.778198+00:00,They want cheap labor and don't care about you,,,,,synthetic
organic_018,2026-03-08T13:19:48.857388+00:00,Anyone watching the game tonight?,,,,,synthetic
organic_002,2026-03-08T14:12:24.633565+00:00,New album is fire honestly,,,,,synthetic
coord_g1_00,2026-03-08T14:15:27.356747+00:00,This is really important please share widely,,,,,synthetic
organic_010,2026-03-08T14:21:46.333941+00:00,Just finished reading a great book,,,,,synthetic
organic_007,2026-03-08T14:46:14.632835+00:00,Can't wait for the weekend,,,,,synthetic
coord_g0_02,2026-03-08T14:53:31.473341+00:00,Can't believe more people aren't talking about this,,wakeup,,,synthetic
organic_007,2026-03-08T14:55:10.226560+00:00,Beautiful sunset today,,,,,synthetic
organic_009,2026-03-08T15:08:49.110043+00:00,Great discussion at today's meetup,,,,,synthetic
organic_021,2026-03-08T15:34:53.853675+00:00,Great discussion at today's meetup,,fun,,,synthetic
organic_002,2026-03-08T15:53:34.701358+00:00,Congratulations to the team!,,love,,,synthetic
organic_011,2026-03-08T16:02:31.770377+00:00,New album is fire honestly,,,,,synthetic
organic_004,2026-03-08T16:14:35.015204+00:00,This weather is perfect for a hike,,,,,synthetic
organic_003,2026-03-08T16:16:06.911866+00:00,Traffic is terrible today,,,,,synthetic
organic_003,2026-03-08T16:28:27.515635+00:00,Monday mood: need more coffee,,,,,synthetic
organic_001,2026-03-08T16:32:33.843402+00:00,Anyone watching the game tonight?,,,,,synthetic
organic_003,2026-03-08T16:33:39.605253+00:00,Beautiful sunset today,,,,,synthetic
organic_002,2026-03-08T16:39:56.063614+00:00,This recipe turned out amazing,,goals,,,synthetic
organic_001,2026-03-08T17:05:37.017333+00:00,Trying a new workout routine this week,,,,,synthetic
organic_009,2026-03-08T17:14:14.345583+00:00,Anyone watching the game tonight?,,,,,synthetic
organic_000,2026-03-08T17:14:53.465942+00:00,Beautiful sunset today,,,,,synthetic
organic_003,2026-03-08T17:38:28.414028+00:00,Anyone watching the game tonight?,,vibes,,,synthetic
organic_010,2026-03-08T17:50:49.023002+00:00,Can't wait for the weekend,,,,,synthetic
organic_020,2026-03-08T18:13:04.328379+00:00,Great discussion at today's meetup,,,,,synthetic
organic_014,2026-03-08T18:14:51.968960+00:00,Traffic is terrible today,,,,,synthetic
organic_017,2026-03-08T18:25:34.507950+00:00,Monday mood: need more coffee,,,,,synthetic
organic_002,2026-03-08T18:25:38.151893+00:00,Happy birthday to my amazing friend!,,,,,synthetic
organic_019,2026-03-08T18:52:39.085234+00:00,Trying a new workout routine this week,,,,,synthetic
coord_g0_02,2026-03-08T18:57:28.443282+00:00,Something big is about to happen stay alert,,climatetruth,,,synthetic
coord_g0_03,2026-03-08T18:59:40.306838+00:00,Wake up and share this with everyone you know,https://truthnews247.com/article/3908,"climatetruth,immigrationtruth",,,synthetic
coord_g0_01,2026-03-08T19:00:33.328962+00:00,Can't believe more people aren't talking about this,,"wakeup,breaking",,,synthetic
coord_g0_00,2026-03-08T19:00:37.977201+00:00,Millions of illegals flooding in and nobody cares,,"wakeup,immigrationtruth,resist",,,synthetic
organic_003,2026-03-08T19:02:10.518686+00:00,Just finished reading a great book,,,,,synthetic
organic_020,2026-03-08T19:20:02.124987+00:00,Looking forward to vacation next month,,,,,synthetic
coord_g1_00,2026-03-08T19:20:24.286692+00:00,This is really important please share widely,,"sharetruth,immigrationtruth,technologytruth",,,synthetic
coord_g1_02,2026-03-08T19:20:30.080150+00:00,Something big is about to happen stay alert,,"technologytruth,resist,sharetruth",,,synthetic
coord_g1_01,2026-03-08T19:21:28.693501+00:00,Another day another cover up by the elites,https://freedomdaily.org/expose/5618,sharetruth,,,synthetic
coord_g1_03,2026-03-08T19:21:46.408713+00:00,This is really important please share widely,https://uncensored-report.com/1228,immigrationtruth,,,synthetic
organic_017,2026-03-08T20:31:48.571645+00:00,Trying a new workout routine this week,,,,,synthetic
organic_006,2026-03-08T20:48:42.485495+00:00,Beautiful sunset today,,vibes,,,synthetic
organic_003,2026-03-08T20:58:28.577268+00:00,Traffic is terrible today,,love,,,synthetic
coord_g0_00,2026-03-08T21:26:15.404206+00:00,They want cheap labor and don't care about you,,"climatetruth,immigrationtruth,breaking",,,synthetic
coord_g0_01,2026-03-08T21:26:55.407227+00:00,The mainstream media won't cover this story,https://truthnews247.com/article/3908,,coord_g0_03,,synthetic
coord_g0_03,2026-03-08T21:27:06.023061+00:00,Wake up and share this with everyone you know,https://realfacts.blog/post/1159,wakeup,,,synthetic
coord_g0_02,2026-03-08T21:28:47.646016+00:00,Millions of illegals flooding in and nobody cares,https://patriotwatch.net/breaking/2792,,,,synthetic
organic_021,2026-03-08T21:30:09.270028+00:00,Congratulations to the team!,,fun,,,synthetic
organic_000,2026-03-08T21:36:06.925282+00:00,Looking forward to vacation next month,,,,,synthetic
organic_005,2026-03-08T21:36:40.646495+00:00,Monday mood: need more coffee,,love,,,synthetic
coord_g0_01,2026-03-08T22:01:38.494507+00:00,The mainstream media won't cover this story,,,,,synthetic
organic_004,2026-03-08T22:10:50.633820+00:00,New album is fire honestly,,,,,synthetic
organic_000,2026-03-08T22:14:27.367177+00:00,Looking forward to vacation next month,,,,,synthetic
organic_002,2026-03-08T22:16:08.957017+00:00,This weather is perfect for a hike,,,,,synthetic
organic_018,2026-03-08T22:32:21.770577+00:00,Anyone watching the game tonight?,,,,,synthetic
organic_001,2026-03-08T22:37:08.217866+00:00,Trying a new workout routine this week,,,,,synthetic
organic_010,2026-03-08T22:51:57.000914+00:00,Congratulations to the team!,,,,,synthetic
coord_g0_03,2026-03-08T23:14:43.391074+00:00,Open borders are destroying our communities,,"wakeup,immigrationtruth",,,synthetic
organic_004,2026-03-08T23:16:46.795105+00:00,Looking forward to vacation next month,,,,,synthetic
coord_g1_00,2026-03-08T23:18:42.986309+00:00,Open borders are destroying our communities,,,,,synthetic
coord_g1_01,2026-03-08T23:20:27.743582+00:00,The mainstream media won't cover this story,https://patriotwatch.net/breaking/8596,"sharetruth,technologytruth",,,synthetic
coord_g1_03,2026-03-08T23:22:08.974490+00:00,Can't believe more people aren't talking about this,,,coord_g1_00,,synthetic
coord_g1_02,2026-03-08T23:23:41.435676+00:00,They want cheap labor and don't care about you,,,,,synthetic
organic_009,2026-03-08T23:35:09.068152+00:00,Happy birthday to my amazing friend!,,,,,synthetic
organic_003,2026-03-08T23:39:30.497713+00:00,Great discussion at today's meetup,,,,,synthetic
organic_005,2026-03-08T23:43:54.448111+00:00,Anyone watching the game tonight?,,,,,synthetic
organic_011,2026-03-08T23:43:54.742695+00:00,Just finished reading a great book,,,,,synthetic
coord_g0_02,2026-03-08T23:47:21.274592+00:00,Millions of illegals flooding in and nobody cares,,,,,synthetic
organic_001,2026-03-09T00:20:00.344065+00:00,Just finished reading a great book,,,,,synthetic
organic_021,2026-03-09T00:30:01.171061+00:00,Just finished reading a great book,,,,,synthetic
coord_g0_00,2026-03-09T00:43:32.747214+00:00,Can't believe more people aren't talking about this,,,,,synthetic
organic_011,2026-03-09T00:46:03.437626+00:00,Anyone watching the game tonight?,,,,,synthetic
organic_004,2026-03-09T00:48:35.927199+00:00,This recipe turned out amazing,,,,,synthetic
organic_019,2026-03-09T00:52:19.347796+00:00,Great discussion at today's meetup,,,,,synthetic
organic_004,2026-03-09T00:52:39.956648+00:00,Can't wait for the weekend,,,,,synthetic
organic_012,2026-03-09T01:04:42.098922+00:00,Looking forward to vacation next month,,,,,synthetic
coord_g0_03,2026-03-09T01:12:36.916280+00:00,Wake up and share this with everyone you know,,,,,synthetic
organic_008,2026-03-09T01:39:20.115697+00:00,Just finished reading a great book,,,,,synthetic
organic_018,2026-03-09T02:04:15.085236+00:00,Can't wait for the weekend,,,,,synthetic
organic_019,2026-03-09T02:04:17.828242+00:00,Great discussion at today's meetup,,,,,synthetic
organic_001,2026-03-09T02:05:33.397469+00:00,Just had the best coffee at this new place downtown,,,,,synthetic
organic_002,2026-03-09T02:33:06.669735+00:00,Great discussion at today's meetup,,,,,synthetic
organic_007,2026-03-09T02:46:55.319088+00:00,Trying a new workout routine this week,,,,,synthetic
organic_008,2026-03-09T03:22:33.169835+00:00,Beautiful sunset today,,,,,synthetic
organic_008,2026-03-09T03:30:24.151505+00:00,New album is fire honestly,,,,,synthetic
organic_018,2026-03-09T03:43:42.021914+00:00,New album is fire honestly,,,,,synthetic
organic_011,2026-03-09T03:54:34.990633+00:00,New album is fire honestly,,,,,synthetic
organic_018,2026-03-09T04:11:38.114291+00:00,Traffic is terrible today,,,,,synthetic
organic_018,2026-03-09T04:15:33.368344+00:00,Anyone watching the game tonight?,,,,,synthetic
organic_018,2026-03-09T04:19:03.305899+00:00,Can't wait for the weekend,,,,,synthetic
organic_004,2026-03-09T04:29:03.230938+00:00,Just had the best coffee at this new place downtown,,,,,synthetic
organic_019,2026-03-09T04:37:43.876962+00:00,Congratulations to the team!,,fun,,,synthetic
coord_g1_01,2026-03-09T05:02:02.589857+00:00,Millions of illegals flooding in and nobody cares,,,,,synthetic
organic_012,2026-03-09T05:34:03.910293+00:00,Traffic is terrible today,,,,,synthetic
organic_001,2026-03-09T06:05:02.736201+00:00,Great discussion at today's meetup,,,,,synthetic
organic_002,2026-03-09T06:22:01.790408+00:00,This recipe turned out amazing,,vibes,,,synthetic
organic_002,2026-03-09T06:25:00.693684+00:00,Happy birthday to my amazing friend!,,,,,synthetic
organic_005,2026-03-09T06:32:36.040849+00:00,Great discussion at today's meetup,,,,,synthetic
organic_007,2026-03-09T06:54:22.793390+00:00,Congratulations to the team!,,,,,synthetic
organic_006,2026-03-09T07:03:40.037958+00:00,Anyone watching the game tonight?,,,,,synthetic
organic_015,2026-03-09T07:11:00.454905+00:00,This recipe turned out amazing,,,,,synthetic
coord_g1_00,2026-03-09T07:14:08.294945+00:00,Can't believe more people aren't talking about this,,,,,synthetic
coord_g1_03,2026-03-09T07:28:32.278932+00:00,Crime rates skyrocketing in border states,,,,,synthetic
organic_012,2026-03-09T07:42:50.362290+00:00,New album is fire honestly,,,,,synthetic
organic_009,2026-03-09T07:50:17.511399+00:00,Great discussion at today's meetup,,,,,synthetic
organic_005,2026-03-09T07:58:14.222944+00:00,Trying a new workout routine this week,,,,,synthetic
coord_g0_03,2026-03-09T08:36:24.347803+00:00,They don't want you to know the truth,,"immigrationtruth,wakeup",,,synthetic
organic_019,2026-03-09T08:50:25.350505+00:00,Happy birthday to my amazing friend!,,,,,synthetic
coord_g1_02,2026-03-09T08:50:39.115343+00:00,The mainstream media won't cover this story,,,,,synthetic
organic_021,2026-03-09T08:58:56.531233+00:00,Anyone watching the game tonight?,,,,,synthetic
coord_g0_03,2026-03-09T09:37:58.517011+00:00,Wake up and share this with everyone you know,,"wakeup,resist",,,synthetic
coord_g0_01,2026-03-09T09:39:12.127494+00:00,The mainstream media won't cover this story,,resist,,,synthetic
coord_g0_00,2026-03-09T10:02:00.559170+00:00,Millions of illegals flooding in and nobody cares,,,,,synthetic
organic_011,2026-03-09T10:14:52.612010+00:00,This recipe turned out amazing,,,,,synthetic
organic_012,2026-03-09T10:33:46.085477+00:00,Trying a new workout routine this week,,life,,,synthetic
organic_003,2026-03-09T10:33:56.777888+00:00,Monday mood: need more coffee,,,,,synthetic
coord_g0_03,2026-03-09T10:35:08.438684+00:00,They want cheap labor and don't care about you,,resist,,,synthetic
organic_005,2026-03-09T11:22:11.228163+00:00,Great discussion at today's meetup,,,,,synthetic
coord_g1_03,2026-03-09T11:32:23.917235+00:00,The mainstream media won't cover this story,,"technologytruth,sharetruth,resist",,,synthetic
coord_g1_00,2026-03-09T11:34:47.733581+00:00,Can't believe more people aren't talking about this,,"resist,sharetruth,sharetruth",,,synthetic
coord_g1_02,2026-03-09T11:35:07.679280+00:00,Can't believe more people aren't talking about this,,,,,synthetic
coord_g1_01,2026-03-09T11:36:26.639863+00:00,Crime rates skyrocketing in border states,,,,,synthetic
organic_020,2026-03-09T11:37:13.246228+00:00,New album is fire honestly,,,,,synthetic
organic_001,2026-03-09T11:42:49.422389+00:00,Can't wait for the weekend,,,,,synthetic
organic_021,2026-03-09T12:39:30.519786+00:00,Anyone watching the game tonight?,,,,,synthetic
coord_g0_02,2026-03-09T12:43:27.861935+00:00,Another day another cover up by the elites,,,,,synthetic
organic_007,2026-03-09T12:51:03.127708+00:00,Traffic is terrible today,,,,,synthetic
organic_011,2026-03-09T12:57:48.978179+00:00,New album is fire honestly,,,,,synthetic
organic_012,2026-03-09T12:58:14.461814+00:00,Trying a new workout routine this week,,,,,synthetic
organic_005,2026-03-09T13:32:50.433540+00:00,Just finished reading a great book,,,,,synthetic
organic_008,2026-03-09T13:37:47.119505+00:00,Beautiful sunset today,,life,,,synthetic
organic_014,2026-03-09T13:46:14.803779+00:00,New album is fire honestly,,love,,,synthetic
organic_021,2026-03-09T13:56:56.882775+00:00,Great discussion at today's meetup,,,,,synthetic
organic_004,2026-03-09T14:53:11.627153+00:00,Can't wait for the weekend,,,,,synthetic
coord_g0_00,2026-03-09T15:17:14.348369+00:00,Can't believe more people aren't talking about this,,"breaking,immigrationtruth,climatetruth",coord_g0_01,,synthetic
coord_g0_02,2026-03-09T15:18:54.474970+00:00,Something big is about to happen stay alert,https://patriotwatch.net/breaking/5055,"wakeup,climatetruth",,,synthetic
coord_g0_01,2026-03-09T15:18:59.613309+00:00,Wake up and share this with everyone you know,https://realfacts.blog/post/9245,"breaking,wakeup",,,synthetic
coord_g0_03,2026-03-09T15:20:56.147287+00:00,Can't believe more people aren't talking about this,https://truthnews247.com/article/1284,"climatetruth,resist",,coord_g0_02,synthetic
organic_005,2026-03-09T15:26:43.853894+00:00,Great discussion at today's meetup,,,,,synthetic
organic_017,2026-03-09T15:36:33.678220+00:00,Anyone watching the game tonight?,,goals,,,synthetic
organic_000,2026-03-09T15:41:45.236022+00:00,Congratulations to the team!,,,,,synthetic
organic_016,2026-03-09T16:06:03.564621+00:00,Can't wait for the weekend,,,,,synthetic
organic_006,2026-03-09T16:29:51.381376+00:00,Can't wait for the weekend,,,,,synthetic
organic_021,2026-03-09T16:33:24.126745+00:00,Happy birthday to my amazing friend!,,vibes,,,synthetic
coord_g1_01,2026-03-09T16:38:38.673485+00:00,They want cheap labor and don't care about you,,"immigrationtruth,resist",,,synthetic
organic_002,2026-03-09T16:44:48.133032+00:00,Monday mood: need more coffee,,,,,synthetic
organic_005,2026-03-09T17:05:14.484291+00:00,Can't wait for the weekend,,,,,synthetic
organic_019,2026-03-09T17:25:49.970038+00:00,New album is fire honestly,,,,,synthetic
organic_009,2026-03-09T17:31:21.066049+00:00,Just had the best coffee at this new place downtown,,,,,synthetic
organic_007,2026-03-09T17:33:12.646423+00:00,New album is fire honestly,,,,,synthetic
organic_014,2026-03-09T17:42:20.375556+00:00,New album is fire honestly,,,,,synthetic
organic_015,2026-03-09T18:09:59.642845+00:00,This weather is perfect for a hike,,,,,synthetic
organic_006,2026-03-09T18:44:58.580489+00:00,Anyone watching the game tonight?,,goals,,,synthetic
organic_011,2026-03-09T19:04:11.438807+00:00,Happy birthday to my amazing friend!,,,,,synthetic
organic_009,2026-03-09T19:05:43.305755+00:00,Traffic is terrible today,,goals,,,synthetic
organic_001,2026-03-09T19:10:51.950124+00:00,Just had the best coffee at this new place downtown,,,,,synthetic
coord_g1_00,2026-03-09T19:17:06.163992+00:00,Another day another cover up by the elites,,,,,synthetic
organic_013,2026-03-09T19:47:57.406997+00:00,Trying a new workout routine this week,,,,,synthetic
organic_020,2026-03-09T20:41:13.108986+00:00,Anyone watching the game tonight?,,,,,synthetic
organic_014,2026-03-09T20:46:53.350564+00:00,New album is fire honestly,,,,,synthetic
organic_000,2026-03-09T20:54:31.726003+00:00,Traffic is terrible today,,,,,synthetic
organic_019,2026-03-09T21:06:37.020578+00:00,Happy birthday to my amazing friend!,,,,,synthetic
organic_012,2026-03-09T21:30:31.682565+00:00,Anyone watching the game tonight?,,,,,synthetic
organic_019,2026-03-09T22:58:02.163777+00:00,This recipe turned out amazing,,,,,synthetic
organic_007,2026-03-09T22:58:09.880305+00:00,This recipe turned out amazing,,,,,synthetic
organic_006,2026-03-09T23:09:46.943887+00:00,This weather is perfect for a hike,,fun,,,synthetic
coord_g0_03,2026-03-09T23:22:28.495488+00:00,Wake up and share this with everyone you know,,,,,synthetic
coord_g1_01,2026-03-09T23:32:32.899189+00:00,Crime rates skyrocketing in border states,,,,,synthetic
organic_001,2026-03-09T23:58:38.057604+00:00,Great discussion at today's meetup,,,,,synthetic
organic_002,2026-03-09T23:58:47.145917+00:00,New album is fire honestly,,,,,synthetic
organic_001,2026-03-10T00:10:03.327643+00:00,Anyone watching the game tonight?,,,,,synthetic
coord_g1_01,2026-03-10T00:19:53.576236+00:00,Something big is about to happen stay alert,,"sharetruth,technologytruth",,,synthetic
coord_g0_02,2026-03-10T00:31:23.585622+00:00,This is really important please share widely,,,,,synthetic
organic_007,2026-03-10T00:34:28.139850+00:00,Trying a new workout routine this week,,mood,,,synthetic
organic_017,2026-03-10T00:34:56.377286+00:00,Just had the best coffee at this new place downtown,,,,,synthetic
organic_016,2026-03-10T00:40:02.905555+00:00,Congratulations to the team!,,,,,synthetic
coord_g1_03,2026-03-10T00:41:08.926138+00:00,Open borders are destroying our communities,,,,,synthetic
coord_g0_00,2026-03-10T00:46:01.415839+00:00,Something big is about to happen stay alert,,,,,synthetic
organic_003,2026-03-10T00:54:03.268705+00:00,Congratulations to the team!,,,,,synthetic
organic_011,2026-03-10T00:55:08.236762+00:00,New album is fire honestly,,,,,synthetic
organic_019,2026-03-10T00:57:32.740276+00:00,Just finished reading a great book,,,,,synthetic
coord_g1_00,2026-03-10T01:12:51.479403+00:00,They want cheap labor and don't care about you,https://truthnews247.com/article/2096,"sharetruth,immigrationtruth,technologytruth",,,synthetic
coord_g1_03,2026-03-10T01:13:35.729425+00:00,Millions of illegals flooding in and nobody cares,,"technologytruth,sharetruth,immigrationtruth",,,synthetic
coord_g1_02,2026-03-10T01:14:27.760743+00:00,Crime rates skyrocketing in border states,https://uncensored-report.com/3598,"immigrationtruth,sharetruth,sharetruth",coord_g1_01,,synthetic
coord_g1_01,2026-03-10T01:17:25.736424+00:00,Can't believe more people aren't talking about this,,"technologytruth,sharetruth,immigrationtruth",,,synthetic
organic_020,2026-03-10T01:25:25.335757+00:00,This weather is perfect for a hike,,,,,synthetic
organic_014,2026-03-10T01:38:52.039662+00:00,Congratulations to the team!,,,,,synthetic
organic_016,2026-03-10T01:57:11.488486+00:00,Happy birthday to my amazing friend!,,,,,synthetic
coord_g1_01,2026-03-10T01:57:19.999140+00:00,Open borders are destroying our communities,,,,,synthetic
organic_001,2026-03-10T02:01:04.935016+00:00,Looking forward to vacation next month,,,,,synthetic
coord_g0_00,2026-03-10T02:45:10.224809+00:00,Wake up and share this with everyone you know,,breaking,,,synthetic
coord_g0_03,2026-03-10T02:46:20.110531+00:00,Something big is about to happen stay alert,,,,,synthetic
coord_g0_01,2026-03-10T02:47:52.823080+00:00,Millions of illegals flooding in and nobody cares,,,,,synthetic
coord_g0_02,2026-03-10T02:48:21.848017+00:00,Can't believe more people aren't talking about this,https://truthnews247.com/article/3730,"climatetruth,immigrationtruth,breaking",,,synthetic
coord_g0_03,2026-03-10T02:48:59.270770+00:00,Crime rates skyrocketing in border states,,,,,synthetic
coord_g0_01,2026-03-10T02:49:47.521158+00:00,Crime rates skyrocketing in border states,,,,,synthetic
coord_g0_00,2026-03-10T02:49:52.405413+00:00,Crime rates skyrocketing in border states,https://realfacts.blog/post/2538,immigrationtruth,coord_g0_03,,synthetic
coord_g0_02,2026-03-10T02:50:01.780835+00:00,The mainstream media won't cover this story,https://realfacts.blog/post/2538,,,,synthetic
organic_012,2026-03-10T02:54:22.155146+00:00,Just had the best coffee at this new place downtown,,,,,synthetic
coord_g0_01,2026-03-10T03:05:18.068328+00:00,The mainstream media won't cover this story,,,,,synthetic
organic_005,2026-03-10T03:20:02.876960+00:00,This weather is perfect for a hike,,,,,synthetic
coord_g1_00,2026-03-10T03:24:17.190418+00:00,Millions of illegals flooding in and nobody cares,,,,,synthetic
coord_g0_00,2026-03-10T03:24:52.944344+00:00,Crime rates skyrocketing in border states,,breaking,,,synthetic
organic_004,2026-03-10T03:25:02.488263+00:00,Looking forward to vacation next month,,,,,synthetic
organic_021,2026-03-10T03:35:29.677112+00:00,This weather is perfect for a hike,,,,,synthetic
organic_017,2026-03-10T03:48:37.129291+00:00,New album is fire honestly,,,,,synthetic
organic_005,2026-03-10T03:54:42.756231+00:00,Happy birthday to my amazing friend!,,,,,synthetic
organic_008,2026-03-10T04:30:53.803671+00:00,Anyone watching the game tonight?,,,,,synthetic
organic_009,2026-03-10T04:38:06.310563+00:00,Happy birthday to my amazing friend!,,,,,synthetic
organic_001,2026-03-10T04:43:25.724111+00:00,Just had the best coffee at this new place downtown,,,,,synthetic
organic_008,2026-03-10T05:17:39.920896+00:00,Monday mood: need more coffee,,,,,synthetic
organic_003,2026-03-10T05:27:36.397338+00:00,Just had the best coffee at this new place downtown,,,,,synthetic
organic_006,2026-03-10T05:37:17.576176+00:00,This weather is perfect for a hike,,love,,,synthetic
organic_002,2026-03-10T05:56:06.176909+00:00,Can't wait for the weekend,,,,,synthetic
coord_g1_00,2026-03-10T06:20:43.698908+00:00,They want cheap labor and don't care about you,,,,,synthetic
organic_010,2026-03-10T06:35:31.146706+00:00,This recipe turned out amazing,,,,,synthetic
organic_009,2026-03-10T06:36:11.545830+00:00,This weather is perfect for a hike,,,,,synthetic
organic_003,2026-03-10T07:07:02.155431+00:00,Just finished reading a great book,,,,,synthetic
organic_002,2026-03-10T07:21:38.605528+00:00,Looking forward to vacation next month,,,,,synthetic
coord_g1_02,2026-03-10T07:41:30.665198+00:00,Open borders are destroying our communities,,,,,synthetic
coord_g0_00,2026-03-10T07:42:58.733322+00:00,Wake up and share this with everyone you know,https://freedomdaily.org/expose/8811,"climatetruth,immigrationtruth",,,synthetic
coord_g0_01,2026-03-10T07:43:33.537733+00:00,Crime rates skyrocketing in border states,https://realfacts.blog/post/9245,climatetruth,,,synthetic
coord_g0_02,2026-03-10T07:43:41.857797+00:00,Wake up and share this with everyone you know,,"climatetruth,wakeup",,,synthetic
coord_g0_03,2026-03-10T07:44:36.765293+00:00,They want cheap labor and don't care about you,,wakeup,,,synthetic
organic_012,2026-03-10T08:04:09.871644+00:00,Anyone watching the game tonight?,,fun,,,synthetic
organic_003,2026-03-10T08:06:26.705136+00:00,Can't wait for the weekend,,,,,synthetic
organic_006,2026-03-10T08:27:08.106115+00:00,Trying a new workout routine this week,,,,,synthetic
organic_002,2026-03-10T08:28:44.220370+00:00,Great discussion at today's meetup,,,,,synthetic
coord_g0_03,2026-03-10T08:32:08.838132+00:00,Crime rates skyrocketing in border states,https://freedomdaily.org/expose/8811,breaking,coord_g0_02,,synthetic
organic_015,2026-03-10T08:32:19.143360+00:00,Congratulations to the team!,,,,,synthetic
coord_g0_02,2026-03-10T08:33:00.255842+00:00,The mainstream media won't cover this story,https://uncensored-report.com/8415,,coord_g0_01,,synthetic
coord_g0_01,2026-03-10T08:33:53.226452+00:00,They want cheap labor and don't care about you,,climatetruth,,,synthetic
coord_g0_00,2026-03-10T08:35:33.343092+00:00,Can't believe more people aren't talking about this,https://realfacts.blog/post/9245,"wakeup,immigrationtruth,resist",,,synthetic
organic_005,2026-03-10T08:47:45.789724+00:00,Just finished reading a great book,,,,,synthetic
coord_g0_00,2026-03-10T08:51:15.227443+00:00,They want cheap labor and don't care about you,,,,,synthetic
coord_g0_02,2026-03-10T08:52:16.416928+00:00,They don't want you to know the truth,,,,,synthetic
coord_g0_01,2026-03-10T08:54:41.642769+00:00,Open borders are destroying our communities,,,,,synthetic
coord_g0_03,2026-03-10T08:54:42.375498+00:00,They don't want you to know the truth,https://truthnews247.com/article/8775,"resist,breaking,climatetruth",,,synthetic
organic_005,2026-03-10T08:55:29.925112+00:00,Trying a new workout routine this week,,vibes,,,synthetic
coord_g0_00,2026-03-10T09:30:20.222122+00:00,They want cheap labor and don't care about you,,,,,synthetic
coord_g0_01,2026-03-10T09:31:55.893375+00:00,Millions of illegals flooding in and nobody cares,,,coord_g0_02,,synthetic
coord_g0_03,2026-03-10T09:32:43.103875+00:00,They don't want you to know the truth,,,,,synthetic
coord_g0_02,2026-03-10T09:33:06.286800+00:00,Millions of illegals flooding in and nobody cares,,climatetruth,,,synthetic
organic_012,2026-03-10T09:37:45.063101+00:00,Trying a new workout routine this week,,,,,synthetic
organic_013,2026-03-10T09:39:17.654832+00:00,Congratulations to the team!,,,,,synthetic
organic_006,2026-03-10T09:40:32.612707+00:00,Anyone watching the game tonight?,,,,,synthetic
organic_008,2026-03-10T09:49:02.961830+00:00,Monday mood: need more coffee,,,,,synthetic
organic_015,2026-03-10T10:24:43.153530+00:00,Beautiful sunset today,,,,,synthetic
organic_016,2026-03-10T10:45:07.930604+00:00,This recipe turned out amazing,,,,,synthetic
coord_g1_02,2026-03-10T11:08:19.189050+00:00,Another day another cover up by the elites,,technologytruth,,,synthetic
organic_011,2026-03-10T11:18:50.342781+00:00,New album is fire honestly,,,,,synthetic
organic_001,2026-03-10T11:38:03.829132+00:00,Anyone watching the game tonight?,,,,,synthetic
coord_g1_01,2026-03-10T12:03:16.874037+00:00,Open borders are destroying our communities,,,,,synthetic
organic_018,2026-03-10T12:29:26.576742+00:00,Beautiful sunset today,,,,,synthetic
coord_g0_03,2026-03-10T12:30:48.510219+00:00,They don't want you to know the truth,,,,,synthetic
organic_006,2026-03-10T12:49:30.605185+00:00,Just finished reading a great book,,,,,synthetic
organic_003,2026-03-10T13:04:34.412448+00:00,Anyone watching the game tonight?,,goals,,,synthetic
organic_017,2026-03-10T13:10:21.939950+00:00,Beautiful sunset today,,,,,synthetic
organic_002,2026-03-10T13:18:45.601774+00:00,Trying a new workout routine this week,,,,,synthetic
organic_008,2026-03-10T13:56:54.061485+00:00,Congratulations to the team!,,,,,synthetic
organic_016,2026-03-10T14:16:14.072897+00:00,Monday mood: need more coffee,,,,,synthetic
organic_000,2026-03-10T14:24:10.673672+00:00,Monday mood: need more coffee,,,,,synthetic
organic_018,2026-03-10T14:27:45.025948+00:00,Just finished reading a great book,,fun,,,synthetic
coord_g0_00,2026-03-10T14:29:53.891683+00:00,Open borders are destroying our communities,,,,,synthetic
coord_g0_03,2026-03-10T14:30:25.960513+00:00,Something big is about to happen stay alert,https://realfacts.blog/post/9245,"breaking,resist",,,synthetic
coord_g0_02,2026-03-10T14:32:15.171218+00:00,Another day another cover up by the elites,https://patriotwatch.net/breaking/3323,"breaking,wakeup",,,synthetic
coord_g0_01,2026-03-10T14:33:20.214457+00:00,Open borders are destroying our communities,,wakeup,coord_g0_03,,synthetic
organic_019,2026-03-10T14:53:05.484770+00:00,Anyone watching the game tonight?,,,,,synthetic
coord_g0_03,2026-03-10T15:29:09.643473+00:00,This is really important please share widely,,"breaking,climatetruth",,,synthetic
organic_010,2026-03-10T15:55:03.547436+00:00,This recipe turned out amazing,,,,,synthetic
coord_g1_02,2026-03-10T16:17:44.615456+00:00,Another day another cover up by the elites,,resist,,,synthetic
organic_002,2026-03-10T16:36:27.906490+00:00,This recipe turned out amazing,,,,,synthetic
organic_018,2026-03-10T16:37:28.079991+00:00,Beautiful sunset today,,,,,synthetic
organic_020,2026-03-10T17:08:48.214412+00:00,Beautiful sunset today,,,,,synthetic
organic_000,2026-03-10T17:24:24.109507+00:00,New album is fire honestly,,,,,synthetic
organic_018,2026-03-10T17:34:05.231205+00:00,Trying a new workout routine this week,,goals,,,synthetic
coord_g0_02,2026-03-10T17:50:01.229112+00:00,Another day another cover up by the elites,,,,,synthetic
organic_015,2026-03-10T18:19:47.447102+00:00,This recipe turned out amazing,,,,,synthetic
organic_017,2026-03-10T18:45:55.065154+00:00,Happy birthday to my amazing friend!,,,,,synthetic
organic_013,2026-03-10T18:47:12.852012+00:00,Trying a new workout routine this week,,,,,synthetic
organic_002,2026-03-10T18:58:42.508911+00:00,Can't wait for the weekend,,,,,synthetic
organic_011,2026-03-10T19:33:04.647560+00:00,Monday mood: need more coffee,,,,,synthetic
organic_007,2026-03-10T20:23:15.748967+00:00,Looking forward to vacation next month,,,,,synthetic
organic_009,2026-03-10T20:37:48.103231+00:00,This recipe turned out amazing,,,,,synthetic
organic_012,2026-03-10T21:03:39.540340+00:00,Congratulations to the team!,,,,,synthetic
organic_006,2026-03-10T21:03:57.633100+00:00,Trying a new workout routine this week,,,,,synthetic
organic_001,2026-03-10T21:08:08.604122+00:00,Beautiful sunset today,,vibes,,,synthetic
organic_001,2026-03-10T21:19:09.767508+00:00,Trying a new workout routine this week,,,,,synthetic
organic_011,2026-03-10T22:11:29.055960+00:00,Looking forward to vacation next month,,love,,,synthetic
organic_002,2026-03-10T22:14:02.893272+00:00,Just finished reading a great book,,,,,synthetic
organic_007,2026-03-10T22:25:59.694735+00:00,Anyone watching the game tonight?,,,,,synthetic
organic_001,2026-03-10T22:34:51.930152+00:00,Just had the best coffee at this new place downtown,,fun,,,synthetic
coord_g0_03,2026-03-10T22:42:25.228256+00:00,The mainstream media won't cover this story,,,,,synthetic
organic_010,2026-03-10T22:48:50.186500+00:00,Looking forward to vacation next month,,,,,synthetic
organic_006,2026-03-10T23:21:30.498769+00:00,Beautiful sunset today,,,,,synthetic
coord_g0_00,2026-03-10T23:26:42.976541+00:00,Millions of illegals flooding in and nobody cares,,,,,synthetic
organic_012,2026-03-11T00:13:55.778582+00:00,Just had the best coffee at this new place downtown,,,,,synthetic
coord_g1_02,2026-03-11T00:26:50.553498+00:00,They want cheap labor and don't care about you,https://realfacts.blog/post/2553,,,coord_g1_03,synthetic
coord_g1_01,2026-03-11T00:27:08.643386+00:00,They want cheap labor and don't care about you,,,,,synthetic
coord_g1_03,2026-03-11T00:28:23.489704+00:00,Wake up and share this with everyone you know,,,,,synthetic
coord_g1_00,2026-03-11T00:28:41.927335+00:00,Crime rates skyrocketing in border states,https://realfacts.blog/post/8984,"sharetruth,immigrationtruth",,,synthetic
coord_g1_02,2026-03-11T01:00:42.583344+00:00,Can't believe more people aren't talking about this,,sharetruth,,,synthetic
organic_000,2026-03-11T01:01:54.245513+00:00,Great discussion at today's meetup,,mood,,,synthetic
organic_008,2026-03-11T01:05:17.716012+00:00,This recipe turned out amazing,,,,,synthetic
coord_g0_03,2026-03-11T01:13:56.039285+00:00,Millions of illegals flooding in and nobody cares,,,,,synthetic
organic_006,2026-03-11T01:29:08.504693+00:00,Can't wait for the weekend,,,,,synthetic
organic_014,2026-03-11T01:32:07.944130+00:00,Traffic is terrible today,,life,,,synthetic
organic_013,2026-03-11T01:34:51.341825+00:00,This recipe turned out amazing,,vibes,,,synthetic
organic_011,2026-03-11T01:58:10.998777+00:00,New album is fire honestly,,,,,synthetic
organic_017,2026-03-11T02:00:19.333707+00:00,Happy birthday to my amazing friend!,,love,,,synthetic
organic_000,2026-03-11T02:24:28.295399+00:00,Trying a new workout routine this week,,,,,synthetic
organic_018,2026-03-11T02:32:16.901507+00:00,Monday mood: need more coffee,,,,,synthetic
coord_g1_00,2026-03-11T02:58:39.496966+00:00,The mainstream media won't cover this story,,,,,synthetic
organic_011,2026-03-11T03:08:26.319083+00:00,Traffic is terrible today,,,,,synthetic
organic_010,2026-03-11T03:16:52.348924+00:00,New album is fire honestly,,love,,,synthetic
organic_017,2026-03-11T03:32:47.011914+00:00,Beautiful sunset today,,,,,synthetic
organic_012,2026-03-11T04:02:56.191116+00:00,Anyone watching the game tonight?,,,,,synthetic
coord_g0_02,2026-03-11T04:11:55.932423+00:00,This is really important please share widely,,"climatetruth,immigrationtruth",,,synthetic
organic_009,2026-03-11T04:21:53.496834+00:00,This recipe turned out amazing,,,,,synthetic
organic_010,2026-03-11T04:31:18.852564+00:00,Monday mood: need more coffee,,,,,synthetic
organic_010,2026-03-11T04:54:56.944644+00:00,Anyone watching the game tonight?,,,,,synthetic
organic_001,2026-03-11T05:11:21.387593+00:00,Congratulations to the team!,,,,,synthetic
organic_021,2026-03-11T05:21:38.234001+00:00,This recipe turned out amazing,,,,,synthetic
coord_g1_00,2026-03-11T05:36:35.035842+00:00,Another day another cover up by the elites,,,,,synthetic
organic_001,2026-03-11T05:38:29.909587+00:00,Monday mood: need more coffee,,,,,synthetic
organic_020,2026-03-11T05:42:30.046372+00:00,Just had the best coffee at this new place downtown,,,,,synthetic
organic_013,2026-03-11T06:02:11.874132+00:00,Happy birthday to my amazing friend!,,,,,synthetic
coord_g0_03,2026-03-11T06:02:40.128260+00:00,Can't believe more people aren't talking about this,,climatetruth,,,synthetic
coord_g0_01,2026-03-11T06:02:55.619376+00:00,Millions of illegals flooding in and nobody cares,,"immigrationtruth,breaking",,,synthetic
coord_g0_00,2026-03-11T06:03:40.148787+00:00,Another day another cover up by the elites,https://patriotwatch.net/breaking/6747,"wakeup,breaking,immigrationtruth",,,synthetic
coord_g0_02,2026-03-11T06:06:02.818670+00:00,They want cheap labor and don't care about you,,,,,synthetic
organic_006,2026-03-11T06:08:55.392745+00:00,Beautiful sunset today,,mood,,,synthetic
organic_009,2026-03-11T06:46:09.805081+00:00,This weather is perfect for a hike,,,,,synthetic
coord_g1_01,2026-03-11T06:51:21.954615+00:00,This is really important please share widely,https://freedomdaily.org/expose/5549,,,,synthetic
coord_g1_03,2026-03-11T06:51:38.341123+00:00,Open borders are destroying our communities,,"immigrationtruth,resist",,,synthetic
coord_g1_02,2026-03-11T06:52:30.616999+00:00,Millions of illegals flooding in and nobody cares,https://freedomdaily.org/expose/9097,,,,synthetic
coord_g1_00,2026-03-11T06:53:06.873460+00:00,The mainstream media won't cover this story,https://patriotwatch.net/breaking/8617,technologytruth,,,synthetic
coord_g0_02,2026-03-11T07:00:31.202489+00:00,Something big is about to happen stay alert,,resist,,,synthetic
organic_021,2026-03-11T07:11:26.189669+00:00,This recipe turned out amazing,,,,,synthetic
organic_017,2026-03-11T07:37:29.798031+00:00,Just finished reading a great book,,,,,synthetic
organic_014,2026-03-11T07:52:35.058596+00:00,Anyone watching the game tonight?,,,,,synthetic
organic_009,2026-03-11T07:54:21.743340+00:00,Just had the best coffee at this new place downtown,,life,,,synthetic
organic_016,2026-03-11T07:56:17.830568+00:00,Beautiful sunset today,,fun,,,synthetic
coord_g0_02,2026-03-11T07:57:40.861680+00:00,Can't believe more people aren't talking about this,https://uncensored-report.com/6467,"wakeup,immigrationtruth,breaking",,,synthetic
coord_g0_03,2026-03-11T07:58:55.414704+00:00,This is really important please share widely,https://realfacts.blog/post/3320,"wakeup,resist,breaking",,,synthetic
coord_g0_00,2026-03-11T07:59:06.843581+00:00,This is really important please share widely,https://uncensored-report.com/5718,"resist,wakeup,immigrationtruth",coord_g0_03,,synthetic
coord_g1_01,2026-03-11T08:00:26.807104+00:00,Another day another cover up by the elites,,,,,synthetic
coord_g0_01,2026-03-11T08:02:45.497253+00:00,Crime rates skyrocketing in border states,https://uncensored-report.com/2261,"climatetruth,breaking,resist",coord_g0_03,,synthetic
organic_002,2026-03-11T08:02:49.882751+00:00,Anyone watching the game tonight?,,,,,synthetic
coord_g0_01,2026-03-11T08:09:53.257519+00:00,Open borders are destroying our communities,,breaking,,,synthetic
organic_008,2026-03-11T08:16:10.438928+00:00,Just had the best coffee at this new place downtown,,,,,synthetic
coord_g0_00,2026-03-11T08:27:50.447024+00:00,This is really important please share widely,,"immigrationtruth,wakeup",,,synthetic
organic_004,2026-03-11T08:35:48.874844+00:00,New album is fire honestly,,,,,synthetic
organic_015,2026-03-11T08:47:33.326465+00:00,Just had the best coffee at this new place downtown,,,,,synthetic
organic_016,2026-03-11T08:49:21.179485+00:00,New album is fire honestly,,,,,synthetic
organic_004,2026-03-11T08:51:29.399699+00:00,Monday mood: need more coffee,,,,,synthetic
organic_011,2026-03-11T08:59:30.252669+00:00,Just had the best coffee at this new place downtown,,,,,synthetic
organic_004,2026-03-11T09:30:14.337138+00:00,Just finished reading a great book,,,,,synthetic
organic_003,2026-03-11T09:36:11.269843+00:00,Great discussion at today's meetup,,,,,synthetic
coord_g1_01,2026-03-11T09:47:18.891355+00:00,Wake up and share this with everyone you know,,,,,synthetic
organic_009,2026-03-11T09:50:09.166866+00:00,Can't wait for the weekend,,,,,synthetic
organic_015,2026-03-11T09:50:24.660264+00:00,Trying a new workout routine this week,,,,,synthetic
coord_g1_02,2026-03-11T09:54:48.228587+00:00,They want cheap labor and don't care about you,,immigrationtruth,,,synthetic
organic_019,2026-03-11T10:27:00.420863+00:00,Can't wait for the weekend,,,,,synthetic
organic_006,2026-03-11T10:29:52.346019+00:00,Monday mood: need more coffee,,,,,synthetic
organic_010,2026-03-11T10:30:16.874343+00:00,Traffic is terrible today,,,,,synthetic
organic_002,2026-03-11T10:36:40.813818+00:00,New album is fire honestly,,,,,synthetic
organic_018,2026-03-11T10:51:38.072865+00:00,This recipe turned out amazing,,,,,synthetic
organic_004,2026-03-11T10:53:36.801819+00:00,This weather is perfect for a hike,,life,,,synthetic
organic_013,2026-03-11T11:16:24.128253+00:00,Happy birthday to my amazing friend!,,,,,synthetic
organic_012,2026-03-11T11:55:43.638160+00:00,Anyone watching the game tonight?,,,,,synthetic
organic_017,2026-03-11T12:01:07.581181+00:00,Monday mood: need more coffee,,,,,synthetic
coord_g1_03,2026-03-11T12:17:56.922272+00:00,Open borders are destroying our communities,,,,,synthetic
organic_006,2026-03-11T12:20:09.960351+00:00,Happy birthday to my amazing friend!,,,,,synthetic
organic_011,2026-03-11T12:41:45.200016+00:00,Traffic is terrible today,,fun,,,synthetic
organic_016,2026-03-11T13:21:36.245936+00:00,Just had the best coffee at this new place downtown,,,,,synthetic
organic_021,2026-03-11T13:24:02.094909+00:00,Beautiful sunset today,,,,,synthetic
organic_013,2026-03-11T13:27:26.099188+00:00,New album is fire honestly,,,,,synthetic
organic_016,2026-03-11T13:48:25.908779+00:00,Just had the best coffee at this new place downtown,,,,,synthetic
coord_g1_02,2026-03-11T14:03:07.431130+00:00,Something big is about to happen stay alert,,sharetruth,,,synthetic
coord_g1_00,2026-03-11T14:03:47.000483+00:00,Something big is about to happen stay alert,,"sharetruth,sharetruth,technologytruth",,,synthetic
coord_g1_01,2026-03-11T14:04:48.000208+00:00,Wake up and share this with everyone you know,,,,,synthetic
coord_g1_03,2026-03-11T14:06:55.274849+00:00,Millions of illegals flooding in and nobody cares,https://realfacts.blog/post/4013,,,,synthetic
organic_009,2026-03-11T14:06:59.781101+00:00,Anyone watching the game tonight?,,,,,synthetic
organic_016,2026-03-11T14:45:13.460291+00:00,Can't wait for the weekend,,,,,synthetic
organic_020,2026-03-11T14:47:22.478057+00:00,This recipe turned out amazing,,,,,synthetic
organic_014,2026-03-11T14:56:03.554908+00:00,Anyone watching the game tonight?,,,,,synthetic
organic_002,2026-03-11T15:48:29.056090+00:00,New album is fire honestly,,goals,,,synthetic
organic_012,2026-03-11T16:26:40.066312+00:00,Can't wait for the weekend,,,,,synthetic
coord_g1_01,2026-03-11T16:45:28.232903+00:00,Another day another cover up by the elites,,"technologytruth,resist",,,synthetic
organic_000,2026-03-11T16:57:16.737619+00:00,Can't wait for the weekend,,,,,synthetic
organic_006,2026-03-11T18:25:40.511476+00:00,Anyone watching the game tonight?,,,,,synthetic
organic_000,2026-03-11T18:33:45.945335+00:00,Anyone watching the game tonight?,,,,,synthetic
organic_012,2026-03-11T18:44:52.679409+00:00,Great discussion at today's meetup,,,,,synthetic
organic_021,2026-03-11T18:45:08.085223+00:00,Traffic is terrible today,,,,,synthetic
organic_000,2026-03-11T18:46:45.203125+00:00,Great discussion at today's meetup,,life,,,synthetic
organic_011,2026-03-11T18:49:06.831910+00:00,Traffic is terrible today,,,,,synthetic
organic_010,2026-03-11T19:04:59.742414+00:00,Just finished reading a great book,,,,,synthetic
organic_002,2026-03-11T19:05:34.167681+00:00,New album is fire honestly,,,,,synthetic
organic_015,2026-03-11T19:19:49.729379+00:00,Great discussion at today's meetup,,,,,synthetic
organic_003,2026-03-11T19:44:35.160742+00:00,This weather is perfect for a hike,,,,,synthetic
organic_012,2026-03-11T19:49:44.252997+00:00,Trying a new workout routine this week,,fun,,,synthetic
organic_015,2026-03-11T19:53:40.790551+00:00,Anyone watching the game tonight?,,,,,synthetic
organic_002,2026-03-11T20:07:31.614584+00:00,This recipe turned out amazing,,,,,synthetic
organic_017,2026-03-11T20:08:13.070303+00:00,Beautiful sunset today,,,,,synthetic
organic_006,2026-03-11T20:10:26.445945+00:00,New album is fire honestly,,,,,synthetic
organic_002,2026-03-11T20:18:09.386924+00:00,Looking forward to vacation next month,,,,,synthetic
organic_013,2026-03-11T21:05:47.783480+00:00,Anyone watching the game tonight?,,,,,synthetic
organic_010,2026-03-11T21:13:19.447554+00:00,Can't wait for the weekend,,,,,synthetic
organic_003,2026-03-11T21:16:08.659710+00:00,Happy birthday to my amazing friend!,,mood,,,synthetic
organic_012,2026-03-11T21:26:45.227530+00:00,This recipe turned out amazing,,,,,synthetic
organic_010,2026-03-11T21:28:51.384650+00:00,This recipe turned out amazing,,,,,synthetic
organic_000,2026-03-11T21:41:17.519349+00:00,Anyone watching the game tonight?,,,,,synthetic
coord_g0_01,2026-03-11T22:07:38.386246+00:00,Crime rates skyrocketing in border states,,"resist,breaking",,,synthetic
organic_005,2026-03-11T22:23:58.098569+00:00,Congratulations to the team!,,,,,synthetic
coord_g0_01,2026-03-11T22:26:18.864468+00:00,Another day another cover up by the elites,,,,,synthetic
organic_009,2026-03-11T22:36:58.646605+00:00,Monday mood: need more coffee,,,,,synthetic
organic_006,2026-03-11T22:57:00.922546+00:00,Just finished reading a great book,,,,,synthetic
organic_003,2026-03-11T23:03:27.377208+00:00,Looking forward to vacation next month,,,,,synthetic
coord_g0_00,2026-03-11T23:04:19.902903+00:00,Crime rates skyrocketing in border states,,,,,synthetic
organic_016,2026-03-11T23:11:06.429536+00:00,Great discussion at today's meetup,,vibes,,,synthetic
organic_017,2026-03-11T23:16:48.492588+00:00,Beautiful sunset today,,,,,synthetic
organic_005,2026-03-11T23:27:09.466225+00:00,Great discussion at today's meetup,,,,,synthetic
organic_011,2026-03-11T23:29:50.364247+00:00,Traffic is terrible today,,,,,synthetic
organic_007,2026-03-11T23:38:42.192416+00:00,New album is fire honestly,,,,,synthetic
organic_016,2026-03-11T23:38:49.716390+00:00,Can't wait for the weekend,,,,,synthetic
coord_g0_01,2026-03-12T00:12:11.730001+00:00,The mainstream media won't cover this story,,,,,synthetic
organic_007,2026-03-12T00:24:01.262857+00:00,Looking forward to vacation next month,,,,,synthetic
organic_010,2026-03-12T00:37:14.407742+00:00,This weather is perfect for a hike,,,,,synthetic
organic_014,2026-03-12T01:02:06.109304+00:00,Looking forward to vacation next month,,,,,synthetic
organic_019,2026-03-12T01:18:00.585583+00:00,Just had the best coffee at this new place downtown,,,,,synthetic
organic_006,2026-03-12T01:21:22.467794+00:00,New album is fire honestly,,,,,synthetic
organic_001,2026-03-12T01:24:52.758821+00:00,Trying a new workout routine this week,,,,,synthetic
organic_020,2026-03-12T01:27:16.308006+00:00,Great discussion at today's meetup,,,,,synthetic
organic_017,2026-03-12T01:29:49.445047+00:00,Looking forward to vacation next month,,,,,synthetic
organic_009,2026-03-12T01:57:34.998179+00:00,Traffic is terrible today,,,,,synthetic
organic_007,2026-03-12T01:58:57.051809+00:00,Can't wait for the weekend,,,,,synthetic
organic_016,2026-03-12T02:07:56.707390+00:00,Great discussion at today's meetup,,,,,synthetic
coord_g1_02,2026-03-12T02:08:42.646682+00:00,They want cheap labor and don't care about you,,,,,synthetic
organic_016,2026-03-12T02:43:59.107567+00:00,New album is fire honestly,,,,,synthetic
organic_013,2026-03-12T02:48:14.152011+00:00,This weather is perfect for a hike,,,,,synthetic
organic_015,2026-03-12T02:54:39.229515+00:00,New album is fire honestly,,love,,,synthetic
organic_018,2026-03-12T03:26:20.526004+00:00,This weather is perfect for a hike,,,,,synthetic
organic_019,2026-03-12T04:00:00.569514+00:00,Congratulations to the team!,,,,,synthetic
organic_020,2026-03-12T04:01:33.789863+00:00,Happy birthday to my amazing friend!,,,,,synthetic
organic_013,2026-03-12T04:07:38.168932+00:00,This recipe turned out amazing,,,,,synthetic
organic_020,2026-03-12T04:14:19.315228+00:00,New album is fire honestly,,,,,synthetic
organic_002,2026-03-12T04:44:48.970749+00:00,Anyone watching the game tonight?,,,,,synthetic
organic_021,2026-03-12T04:45:12.550431+00:00,Congratulations to the team!,,,,,synthetic
coord_g0_03,2026-03-12T04:49:47.875290+00:00,Another day another cover up by the elites,,,,,synthetic
organic_008,2026-03-12T04:54:59.398986+00:00,Congratulations to the team!,,,,,synthetic
organic_013,2026-03-12T05:15:47.204506+00:00,Traffic is terrible today,,,,,synthetic
coord_g1_03,2026-03-12T05:18:47.149071+00:00,Can't believe more people aren't talking about this,,,,,synthetic
organic_008,2026-03-12T05:21:43.071979+00:00,Traffic is terrible today,,goals,,,synthetic
organic_021,2026-03-12T05:51:43.595162+00:00,Just had the best coffee at this new place downtown,,mood,,,synthetic
organic_015,2026-03-12T06:13:35.527150+00:00,Can't wait for the weekend,,,,,synthetic
organic_020,2026-03-12T06:26:37.705243+00:00,Traffic is terrible today,,,,,synthetic
organic_006,2026-03-12T06:29:44.245589+00:00,This weather is perfect for a hike,,,,,synthetic
organic_018,2026-03-12T06:31:01.692424+00:00,Trying a new workout routine this week,,,,,synthetic
organic_021,2026-03-12T06:45:31.860344+00:00,Anyone watching the game tonight?,,,,,synthetic
coord_g1_01,2026-03-12T07:10:01.300974+00:00,Crime rates skyrocketing in border states,,,,,synthetic
organic_021,2026-03-12T07:15:47.839873+00:00,This weather is perfect for a hike,,,,,synthetic
organic_013,2026-03-12T07:39:12.579337+00:00,Just finished reading a great book,,,,,synthetic
organic_014,2026-03-12T07:42:09.998861+00:00,New album is fire honestly,,,,,synthetic
organic_014,2026-03-12T07:44:04.473113+00:00,Trying a new workout routine this week,,,,,synthetic
organic_020,2026-03-12T07:58:13.287454+00:00,Traffic is terrible today,,,,,synthetic
organic_005,2026-03-12T08:08:31.286472+00:00,Trying a new workout routine this week,,,,,synthetic
organic_003,2026-03-12T08:14:26.687769+00:00,Just had the best coffee at this new place downtown,,,,,synthetic
organic_016,2026-03-12T08:19:51.569980+00:00,Congratulations to the team!,,goals,,,synthetic
organic_010,2026-03-12T08:29:21.586467+00:00,Happy birthday to my amazing friend!,,,,,synthetic
organic_014,2026-03-12T08:37:12.231301+00:00,This recipe turned out amazing,,life,,,synthetic
coord_g0_03,2026-03-12T08:54:06.986649+00:00,Something big is about to happen stay alert,,climatetruth,,,synthetic
coord_g1_02,2026-03-12T09:04:37.721691+00:00,They don't want you to know the truth,,immigrationtruth,,,synthetic
coord_g1_03,2026-03-12T09:04:52.637900+00:00,Wake up and share this with everyone you know,,"technologytruth,resist",,,synthetic
coord_g1_00,2026-03-12T09:05:33.567040+00:00,They want cheap labor and don't care about you,https://freedomdaily.org/expose/8028,"immigrationtruth,sharetruth,sharetruth",coord_g1_03,,synthetic
coord_g1_01,2026-03-12T09:08:00.422548+00:00,They want cheap labor and don't care about you,,"resist,technologytruth",,,synthetic
coord_g1_02,2026-03-12T09:25:00.316641+00:00,They want cheap labor and don't care about you,,,,,synthetic
organic_019,2026-03-12T09:27:14.813993+00:00,Monday mood: need more coffee,,,,,synthetic
organic_005,2026-03-12T09:33:32.839061+00:00,Just had the best coffee at this new place downtown,,,,,synthetic
organic_001,2026-03-12T09:40:10.696974+00:00,This recipe turned out amazing,,,,,synthetic
organic_003,2026-03-12T09:50:21.079125+00:00,Looking forward to vacation next month,,,,,synthetic
organic_004,2026-03-12T09:52:19.757263+00:00,Trying a new workout routine this week,,,,,synthetic
coord_g0_03,2026-03-12T10:12:16.839225+00:00,Another day another cover up by the elites,,,,,synthetic
coord_g1_03,2026-03-12T10:16:01.017774+00:00,They want cheap labor and don't care about you,,"sharetruth,immigrationtruth",,,synthetic
organic_013,2026-03-12T10:18:00.253737+00:00,Beautiful sunset today,,,,,synthetic
coord_g0_01,2026-03-12T10:28:50.647836+00:00,They want cheap labor and don't care about you,,,,,synthetic
organic_020,2026-03-12T11:07:08.080108+00:00,Congratulations to the team!,,,,,synthetic
organic_009,2026-03-12T11:19:04.100909+00:00,Looking forward to vacation next month,,,,,synthetic
coord_g0_00,2026-03-12T11:19:33.946253+00:00,Millions of illegals flooding in and nobody cares,,,,,synthetic
organic_012,2026-03-12T11:20:14.342865+00:00,This recipe turned out amazing,,,,,synthetic
organic_002,2026-03-12T11:33:11.066309+00:00,Looking forward to vacation next month,,,,,synthetic
organic_020,2026-03-12T12:04:49.330462+00:00,This weather is perfect for a hike,,,,,synthetic
organic_000,2026-03-12T12:20:51.573813+00:00,Beautiful sunset today,,,,,synthetic
organic_001,2026-03-12T12:35:47.805511+00:00,Traffic is terrible today,,,,,synthetic
coord_g0_03,2026-03-12T12:37:19.283336+00:00,Can't believe more people aren't talking about this,,"wakeup,resist,climatetruth",,,synthetic
coord_g0_01,2026-03-12T12:37:55.982810+00:00,Open borders are destroying our communities,https://uncensored-report.com/4909,,,,synthetic
coord_g0_00,2026-03-12T12:39:14.206743+00:00,Can't believe more people aren't talking about this,https://realfacts.blog/post/7722,,,,synthetic
organic_000,2026-03-12T12:42:26.109176+00:00,This recipe turned out amazing,,,,,synthetic
coord_g0_02,2026-03-12T12:42:29.218398+00:00,Open borders are destroying our communities,https://freedomdaily.org/expose/5718,"immigrationtruth,wakeup",,,synthetic
organic_017,2026-03-12T12:44:40.233604+00:00,Happy birthday to my amazing friend!,,goals,,,synthetic
organic_005,2026-03-12T13:15:01.285494+00:00,Beautiful sunset today,,,,,synthetic
coord_g0_03,2026-03-12T13:19:38.517560+00:00,Wake up and share this with everyone you know,,,,,synthetic
coord_g1_00,2026-03-12T13:26:04.529899+00:00,They want cheap labor and don't care about you,,,,,synthetic
organic_017,2026-03-12T13:29:09.966091+00:00,Anyone watching the game tonight?,,,,,synthetic
organic_009,2026-03-12T13:37:41.505672+00:00,New album is fire honestly,,,,,synthetic
organic_019,2026-03-12T13:39:22.564623+00:00,This recipe turned out amazing,,,,,synthetic
organic_000,2026-03-12T14:00:01.387926+00:00,Happy birthday to my amazing friend!,,,,,synthetic
organic_011,2026-03-12T14:00:05.225719+00:00,Looking forward to vacation next month,,,,,synthetic
organic_021,2026-03-12T14:00:10.598943+00:00,Traffic is terrible today,,,,,synthetic
organic_020,2026-03-12T14:17:41.048454+00:00,Can't wait for the weekend,,,,,synthetic
organic_021,2026-03-12T14:24:33.466490+00:00,New album is fire honestly,,,,,synthetic
organic_011,2026-03-12T14:27:57.292993+00:00,Congratulations to the team!,,,,,synthetic
organic_019,2026-03-12T14:34:28.609078+00:00,This weather is perfect for a hike,,,,,synthetic
organic_017,2026-03-12T15:02:44.993991+00:00,Beautiful sunset today,,,,,synthetic
organic_006,2026-03-12T15:29:44.644915+00:00,Just finished reading a great book,,goals,,,synthetic
organic_007,2026-03-12T15:54:09.937151+00:00,Monday mood: need more coffee,,,,,synthetic
organic_011,2026-03-12T15:58:45.410020+00:00,Just finished reading a great book,,,,,synthetic
organic_013,2026-03-12T16:18:47.832789+00:00,Traffic is terrible today,,,,,synthetic
coord_g0_00,2026-03-12T16:31:25.936598+00:00,This is really important please share widely,,,,,synthetic
coord_g1_03,2026-03-12T16:41:38.658744+00:00,Can't believe more people aren't talking about this,,sharetruth,,,synthetic
organic_003,2026-03-12T16:41:46.472648+00:00,Congratulations to the team!,,life,,,synthetic
organic_012,2026-03-12T17:32:13.860333+00:00,Anyone watching the game tonight?,,,,,synthetic
organic_002,2026-03-12T17:39:59.657630+00:00,This weather is perfect for a hike,,,,,synthetic
organic_006,2026-03-12T17:47:05.065799+00:00,Looking forward to vacation next month,,,,,synthetic
organic_009,2026-03-12T17:57:54.309638+00:00,New album is fire honestly,,vibes,,,synthetic
organic_018,2026-03-12T18:04:39.557590+00:00,Just had the best coffee at this new place downtown,,,,,synthetic
organic_010,2026-03-12T18:05:37.819977+00:00,Beautiful sunset today,,,,,synthetic
coord_g0_03,2026-03-12T18:09:01.640118+00:00,They want cheap labor and don't care about you,,,,,synthetic
organic_013,2026-03-12T18:20:04.844009+00:00,New album is fire honestly,,mood,,,synthetic
organic_002,2026-03-12T18:22:19.206967+00:00,Congratulations to the team!,,,,,synthetic
organic_009,2026-03-12T18:22:43.321798+00:00,Trying a new workout routine this week,,,,,synthetic
organic_015,2026-03-12T18:28:54.319607+00:00,This weather is perfect for a hike,,,,,synthetic
organic_002,2026-03-12T18:31:01.090611+00:00,Happy birthday to my amazing friend!,,,,,synthetic
organic_003,2026-03-12T18:39:29.998477+00:00,Just finished reading a great book,,,,,synthetic
organic_007,2026-03-12T19:06:57.054931+00:00,Just had the best coffee at this new place downtown,,,,,synthetic
organic_000,2026-03-12T19:18:09.867841+00:00,Just had the best coffee at this new place downtown,,,,,synthetic
organic_001,2026-03-12T19:35:51.186822+00:00,Looking forward to vacation next month,,,,,synthetic
organic_008,2026-03-12T19:36:15.406510+00:00,This weather is perfect for a hike,,,,,synthetic
organic_020,2026-03-12T19:43:18.436625+00:00,Trying a new workout routine this week,,love,,,synthetic
organic_021,2026-03-12T19:50:27.077962+00:00,This weather is perfect for a hike,,,,,synthetic
organic_016,2026-03-12T19:56:27.761137+00:00,Trying a new workout routine this week,,,,,synthetic
organic_000,2026-03-12T20:00:46.551914+00:00,Just finished reading a great book,,,,,synthetic
coord_g1_02,2026-03-12T20:28:38.078101+00:00,Crime rates skyrocketing in border states,,sharetruth,,,synthetic
organic_013,2026-03-12T21:01:52.121913+00:00,Beautiful sunset today,,,,,synthetic
organic_017,2026-03-12T21:06:54.460605+00:00,Trying a new workout routine this week,,,,,synthetic
coord_g0_00,2026-03-12T21:09:00.678648+00:00,Open borders are destroying our communities,,,,,synthetic
organic_016,2026-03-12T21:10:32.358160+00:00,Great discussion at today's meetup,,,,,synthetic
organic_004,2026-03-12T21:31:40.443651+00:00,New album is fire honestly,,,,,synthetic
organic_012,2026-03-12T21:56:02.342818+00:00,Happy birthday to my amazing friend!,,,,,synthetic
organic_007,2026-03-12T22:01:33.517686+00:00,Traffic is terrible today,,,,,synthetic
organic_007,2026-03-12T22:10:59.897787+00:00,This recipe turned out amazing,,,,,synthetic
organic_018,2026-03-12T22:19:52.486051+00:00,Congratulations to the team!,,,,,synthetic
organic_004,2026-03-12T22:22:25.732102+00:00,Happy birthday to my amazing friend!,,,,,synthetic
coord_g1_02,2026-03-12T22:23:16.893996+00:00,Open borders are destroying our communities,,,,,synthetic
organic_007,2026-03-12T22:39:48.429461+00:00,Monday mood: need more coffee,,,,,synthetic
coord_g1_01,2026-03-12T23:09:57.641297+00:00,Wake up and share this with everyone you know,,,,,synthetic
organic_003,2026-03-12T23:28:24.399969+00:00,Just had the best coffee at this new place downtown,,,,,synthetic
coord_g1_00,2026-03-12T23:39:00.585865+00:00,The mainstream media won't cover this story,,,,,synthetic
organic_020,2026-03-12T23:54:02.241801+00:00,Trying a new workout routine this week,,,,,synthetic
organic_020,2026-03-13T00:02:26.830064+00:00,New album is fire honestly,,,,,synthetic
organic_007,2026-03-13T00:04:40.501756+00:00,Just had the best coffee at this new place downtown,,,,,synthetic
coord_g0_02,2026-03-13T00:39:57.502943+00:00,This is really important please share widely,,,,,synthetic
organic_014,2026-03-13T00:40:52.321991+00:00,Anyone watching the game tonight?,,,,,synthetic
organic_013,2026-03-13T00:48:30.840138+00:00,Traffic is terrible today,,,,,synthetic
organic_008,2026-03-13T01:08:54.783747+00:00,This weather is perfect for a hike,,,,,synthetic
coord_g1_01,2026-03-13T01:24:12.440324+00:00,Can't believe more people aren't talking about this,https://truthnews247.com/article/6789,"technologytruth,immigrationtruth",,,synthetic
coord_g1_02,2026-03-13T01:24:16.163203+00:00,Millions of illegals flooding in and nobody cares,https://patriotwatch.net/breaking/6314,,,,synthetic
coord_g1_00,2026-03-13T01:24:34.121941+00:00,They want cheap labor and don't care about you,https://patriotwatch.net/breaking/6314,"sharetruth,technologytruth,sharetruth",,,synthetic
coord_g1_03,2026-03-13T01:24:42.935062+00:00,Millions of illegals flooding in and nobody cares,https://realfacts.blog/post/4112,immigrationtruth,,,synthetic
coord_g1_03,2026-03-13T01:27:01.207648+00:00,Open borders are destroying our communities,,,,,synthetic
organic_009,2026-03-13T01:29:41.704343+00:00,Traffic is terrible today,,,,,synthetic
organic_010,2026-03-13T01:32:24.855189+00:00,Just had the best coffee at this new place downtown,,goals,,,synthetic
organic_004,2026-03-13T01:33:58.251159+00:00,Traffic is terrible today,,fun,,,synthetic
coord_g0_03,2026-03-13T02:12:47.163688+00:00,Open borders are destroying our communities,https://truthnews247.com/article/3730,,,,synthetic
coord_g0_00,2026-03-13T02:12:59.533910+00:00,Crime rates skyrocketing in border states,,resist,coord_g0_02,,synthetic
coord_g0_01,2026-03-13T02:15:08.935803+00:00,Open borders are destroying our communities,https://freedomdaily.org/expose/6769,,,,synthetic
coord_g0_02,2026-03-13T02:17:42.293124+00:00,This is really important please share widely,https://patriotwatch.net/breaking/6473,"resist,breaking",,coord_g0_01,synthetic
coord_g1_02,2026-03-13T02:31:45.002150+00:00,They want cheap labor and don't care about you,,"technologytruth,sharetruth",,,synthetic
organic_017,2026-03-13T02:43:05.945188+00:00,Monday mood: need more coffee,,,,,synthetic
organic_021,2026-03-13T02:44:37.398232+00:00,Great discussion at today's meetup,,,,,synthetic
organic_015,2026-03-13T02:58:41.370811+00:00,This recipe turned out amazing,,goals,,,synthetic
organic_021,2026-03-13T03:06:28.134918+00:00,This recipe turned out amazing,,,,,synthetic
organic_017,2026-03-13T03:06:37.162643+00:00,Happy birthday to my amazing friend!,,,,,synthetic
organic_001,2026-03-13T03:09:03.105751+00:00,Trying a new workout routine this week,,,,,synthetic
organic_017,2026-03-13T03:18:27.502748+00:00,Just finished reading a great book,,,,,synthetic
organic_017,2026-03-13T03:20:44.164796+00:00,This recipe turned out amazing,,,,,synthetic
organic_020,2026-03-13T03:51:46.292108+00:00,This weather is perfect for a hike,,,,,synthetic
organic_007,2026-03-13T04:03:39.536731+00:00,Great discussion at today's meetup,,,,,synthetic
organic_003,2026-03-13T04:14:43.744723+00:00,New album is fire honestly,,life,,,synthetic
organic_021,2026-03-13T04:15:37.196115+00:00,Trying a new workout routine this week,,,,,synthetic
coord_g1_02,2026-03-13T04:34:19.208038+00:00,The mainstream media won't cover this story,https://realfacts.blog/post/7544,,,,synthetic
organic_005,2026-03-13T04:35:09.564105+00:00,Trying a new workout routine this week,,,,,synthetic
coord_g1_03,2026-03-13T04:36:15.513543+00:00,They want cheap labor and don't care about you,https://uncensored-report.com/1228,,,,synthetic
coord_g1_01,2026-03-13T04:37:10.569861+00:00,They want cheap labor and don't care about you,https://patriotwatch.net/breaking/8596,,,,synthetic
coord_g1_00,2026-03-13T04:37:12.795785+00:00,Crime rates skyrocketing in border states,,"technologytruth,sharetruth",,,synthetic
organic_021,2026-03-13T04:37:20.243869+00:00,Looking forward to vacation next month,,,,,synthetic
coord_g0_03,2026-03-13T04:43:41.132768+00:00,They want cheap labor and don't care about you,,,,,synthetic
organic_016,2026-03-13T05:04:35.720393+00:00,This recipe turned out amazing,,love,,,synthetic
organic_010,2026-03-13T05:34:39.407196+00:00,Can't wait for the weekend,,,,,synthetic
organic_009,2026-03-13T05:40:33.947759+00:00,Anyone watching the game tonight?,,,,,synthetic
organic_006,2026-03-13T05:41:43.162988+00:00,Happy birthday to my amazing friend!,,,,,synthetic
organic_014,2026-03-13T05:54:48.371783+00:00,Just finished reading a great book,,,,,synthetic
organic_014,2026-03-13T06:05:16.262121+00:00,Just finished reading a great book,,,,,synthetic
organic_019,2026-03-13T06:20:38.263203+00:00,This recipe turned out amazing,,,,,synthetic
organic_009,2026-03-13T06:29:57.104649+00:00,Congratulations to the team!,,,,,synthetic
coord_g0_02,2026-03-13T07:16:01.865258+00:00,Millions of illegals flooding in and nobody cares,,,,,synthetic
organic_005,2026-03-13T07:16:19.635001+00:00,Congratulations to the team!,,,,,synthetic
organic_015,2026-03-13T07:44:39.471148+00:00,Anyone watching the game tonight?,,,,,synthetic
organic_016,2026-03-13T07:46:45.022960+00:00,Anyone watching the game tonight?,,,,,synthetic
organic_021,2026-03-13T07:56:15.685581+00:00,Beautiful sunset today,,,,,synthetic
coord_g0_00,2026-03-13T07:58:44.465935+00:00,Can't believe more people aren't talking about this,,,,,synthetic
coord_g0_02,2026-03-13T08:01:42.653530+00:00,Open borders are destroying our communities,,"resist,breaking",,,synthetic
coord_g0_03,2026-03-13T08:05:19.547571+00:00,They want cheap labor and don't care about you,https://patriotwatch.net/breaking/6747,"climatetruth,immigrationtruth,wakeup",,coord_g0_00,synthetic
coord_g0_01,2026-03-13T08:08:12.710290+00:00,Can't believe more people aren't talking about this,,,coord_g0_03,,synthetic
organic_002,2026-03-13T08:30:22.794863+00:00,Trying a new workout routine this week,,fun,,,synthetic
organic_012,2026-03-13T09:12:10.496698+00:00,Beautiful sunset today,,,,,synthetic
organic_010,2026-03-13T09:20:42.677240+00:00,Happy birthday to my amazing friend!,,,,,synthetic
organic_021,2026-03-13T09:23:55.014647+00:00,Trying a new workout routine this week,,,,,synthetic
organic_017,2026-03-13T09:28:59.186750+00:00,Monday mood: need more coffee,,,,,synthetic
organic_000,2026-03-13T09:31:33.435074+00:00,Monday mood: need more coffee,,,,,synthetic
organic_019,2026-03-13T09:35:28.787052+00:00,Anyone watching the game tonight?,,,,,synthetic
organic_017,2026-03-13T09:49:58.941596+00:00,Great discussion at today's meetup,,,,,synthetic
organic_000,2026-03-13T09:50:17.132286+00:00,Traffic is terrible today,,,,,synthetic
organic_019,2026-03-13T10:24:15.382159+00:00,Monday mood: need more coffee,,,,,synthetic
organic_001,2026-03-13T10:59:11.929608+00:00,Happy birthday to my amazing friend!,,,,,synthetic
organic_000,2026-03-13T11:05:52.879958+00:00,Monday mood: need more coffee,,,,,synthetic
organic_018,2026-03-13T11:11:56.314994+00:00,New album is fire honestly,,,,,synthetic
organic_020,2026-03-13T11:13:14.099293+00:00,Just finished reading a great book,,,,,synthetic
organic_011,2026-03-13T11:41:41.245691+00:00,New album is fire honestly,,,,,synthetic
organic_012,2026-03-13T12:27:47.361107+00:00,Monday mood: need more coffee,,,,,synthetic
organic_004,2026-03-13T12:28:26.094163+00:00,Anyone watching the game tonight?,,,,,synthetic
organic_018,2026-03-13T12:35:52.384981+00:00,Great discussion at today's meetup,,,,,synthetic
organic_018,2026-03-13T12:59:46.012482+00:00,Looking forward to vacation next month,,,,,synthetic
coord_g0_03,2026-03-13T13:13:10.709293+00:00,The mainstream media won't cover this story,,,,,synthetic
organic_010,2026-03-13T14:04:43.461159+00:00,Trying a new workout routine this week,,mood,,,synthetic
organic_001,2026-03-13T14:07:43.841339+00:00,Congratulations to the team!,,,,,synthetic
organic_003,2026-03-13T14:08:04.561513+00:00,Looking forward to vacation next month,,mood,,,synthetic
organic_019,2026-03-13T14:19:37.668209+00:00,Can't wait for the weekend,,,,,synthetic
organic_001,2026-03-13T14:41:29.970242+00:00,Trying a new workout routine this week,,,,,synthetic
organic_007,2026-03-13T14:51:06.747743+00:00,Traffic is terrible today,,,,,synthetic
organic_004,2026-03-13T14:52:10.737118+00:00,Can't wait for the weekend,,,,,synthetic
organic_009,2026-03-13T15:01:19.516878+00:00,New album is fire honestly,,,,,synthetic
organic_010,2026-03-13T15:03:57.056263+00:00,This recipe turned out amazing,,,,,synthetic
organic_014,2026-03-13T15:05:27.140030+00:00,Trying a new workout routine this week,,,,,synthetic
organic_009,2026-03-13T15:52:37.425091+00:00,Happy birthday to my amazing friend!,,,,,synthetic
organic_011,2026-03-13T15:53:21.966473+00:00,Just had the best coffee at this new place downtown,,,,,synthetic
organic_017,2026-03-13T15:57:20.070482+00:00,Just had the best coffee at this new place downtown,,,,,synthetic
organic_021,2026-03-13T16:23:23.221244+00:00,This recipe turned out amazing,,,,,synthetic
organic_001,2026-03-13T16:24:18.767781+00:00,Congratulations to the team!,,,,,synthetic
organic_016,2026-03-13T16:31:29.826094+00:00,New album is fire honestly,,,,,synthetic
organic_017,2026-03-13T16:49:23.994798+00:00,Beautiful sunset today,,,,,synthetic
organic_013,2026-03-13T16:54:43.723518+00:00,Traffic is terrible today,,,,,synthetic
organic_006,2026-03-13T16:58:55.260160+00:00,Great discussion at today's meetup,,,,,synthetic
coord_g1_02,2026-03-13T17:13:28.345389+00:00,They want cheap labor and don't care about you,https://realfacts.blog/post/7544,"technologytruth,sharetruth,immigrationtruth",coord_g1_00,,synthetic
coord_g1_01,2026-03-13T17:14:11.361920+00:00,They don't want you to know the truth,https://freedomdaily.org/expose/9097,technologytruth,,,synthetic
coord_g1_00,2026-03-13T17:14:53.065339+00:00,They want cheap labor and don't care about you,https://realfacts.blog/post/2553,,,,synthetic
coord_g1_03,2026-03-13T17:17:09.739376+00:00,Open borders are destroying our communities,,,coord_g1_02,,synthetic
organic_011,2026-03-13T17:33:11.688324+00:00,New album is fire honestly,,love,,,synthetic
organic_009,2026-03-13T18:26:33.402244+00:00,Traffic is terrible today,,,,,synthetic
coord_g1_03,2026-03-13T18:30:48.676283+00:00,They don't want you to know the truth,,,,,synthetic
organic_019,2026-03-13T18:34:12.427398+00:00,Can't wait for the weekend,,,,,synthetic
coord_g0_00,2026-03-13T18:51:13.695800+00:00,Wake up and share this with everyone you know,,wakeup,,,synthetic
coord_g1_01,2026-03-13T18:59:19.751586+00:00,Millions of illegals flooding in and nobody cares,,,,,synthetic
organic_004,2026-03-13T19:21:34.533461+00:00,Just had the best coffee at this new place downtown,,,,,synthetic
organic_003,2026-03-13T19:45:30.728698+00:00,Congratulations to the team!,,,,,synthetic
organic_018,2026-03-13T20:43:39.729970+00:00,Just finished reading a great book,,,,,synthetic
organic_005,2026-03-13T21:12:38.041918+00:00,Happy birthday to my amazing friend!,,,,,synthetic
organic_016,2026-03-13T21:30:09.575110+00:00,Beautiful sunset today,,,,,synthetic
organic_010,2026-03-13T21:42:12.734963+00:00,Great discussion at today's meetup,,life,,,synthetic
organic_016,2026-03-13T21:47:51.075560+00:00,Beautiful sunset today,,,,,synthetic
organic_017,2026-03-13T21:56:03.781336+00:00,Congratulations to the team!,,,,,synthetic
organic_000,2026-03-13T21:59:53.534212+00:00,Anyone watching the game tonight?,,,,,synthetic
organic_019,2026-03-13T22:17:37.715714+00:00,This weather is perfect for a hike,,,,,synthetic
organic_009,2026-03-13T22:22:36.627487+00:00,Anyone watching the game tonight?,,,,,synthetic
organic_016,2026-03-13T22:24:19.168352+00:00,Great discussion at today's meetup,,,,,synthetic
organic_019,2026-03-13T22:54:24.075940+00:00,Happy birthday to my amazing friend!,,,,,synthetic
coord_g1_00,2026-03-13T22:58:14.026682+00:00,Millions of illegals flooding in and nobody cares,,,,,synthetic
organic_003,2026-03-13T23:03:58.294013+00:00,Just finished reading a great book,,,,,synthetic
organic_017,2026-03-13T23:16:35.880429+00:00,New album is fire honestly,,,,,synthetic
organic_011,2026-03-13T23:57:37.465806+00:00,Beautiful sunset today,,,,,synthetic
organic_010,2026-03-13T23:58:35.000466+00:00,Monday mood: need more coffee,,,,,synthetic
organic_011,2026-03-14T00:01:02.254738+00:00,Trying a new workout routine this week,,love,,,synthetic
organic_009,2026-03-14T00:03:51.146557+00:00,Just had the best coffee at this new place downtown,,,,,synthetic
organic_012,2026-03-14T00:05:39.198664+00:00,Traffic is terrible today,,,,,synthetic
organic_011,2026-03-14T00:08:00.872123+00:00,Just had the best coffee at this new place downtown,,,,,synthetic
organic_014,2026-03-14T00:15:28.521931+00:00,Happy birthday to my amazing friend!,,mood,,,synthetic
organic_000,2026-03-14T00:26:39.007433+00:00,New album is fire honestly,,,,,synthetic
organic_018,2026-03-14T00:36:19.823265+00:00,Beautiful sunset today,,goals,,,synthetic
coord_g0_03,2026-03-14T00:51:59.300575+00:00,The mainstream media won't cover this story,,,,,synthetic
organic_015,2026-03-14T01:07:48.415181+00:00,Traffic is terrible today,,,,,synthetic
organic_020,2026-03-14T01:11:47.941115+00:00,Traffic is terrible today,,,,,synthetic
organic_006,2026-03-14T01:14:10.997661+00:00,Beautiful sunset today,,,,,synthetic
organic_001,2026-03-14T02:04:04.261059+00:00,Beautiful sunset today,,,,,synthetic
organic_004,2026-03-14T02:13:12.173480+00:00,Just finished reading a great book,,,,,synthetic
organic_007,2026-03-14T02:18:03.439678+00:00,Beautiful sunset today,,,,,synthetic
organic_008,2026-03-14T02:22:29.283838+00:00,Monday mood: need more coffee,,,,,synthetic
organic_019,2026-03-14T02:30:20.787044+00:00,Trying a new workout routine this week,,,,,synthetic
organic_021,2026-03-14T02:30:52.057381+00:00,This recipe turned out amazing,,,,,synthetic
organic_017,2026-03-14T03:07:43.079993+00:00,Happy birthday to my amazing friend!,,,,,synthetic
organic_007,2026-03-14T03:17:48.084418+00:00,This weather is perfect for a hike,,goals,,,synthetic
organic_007,2026-03-14T03:18:29.793398+00:00,Happy birthday to my amazing friend!,,vibes,,,synthetic
organic_010,2026-03-14T03:19:14.071777+00:00,Beautiful sunset today,,,,,synthetic
organic_014,2026-03-14T03:44:51.199771+00:00,Just had the best coffee at this new place downtown,,,,,synthetic
coord_g1_03,2026-03-14T03:47:20.371289+00:00,Open borders are destroying our communities,,immigrationtruth,,,synthetic
coord_g0_03,2026-03-14T03:51:04.650087+00:00,Wake up and share this with everyone you know,,,,,synthetic
organic_005,2026-03-14T03:53:01.724261+00:00,Happy birthday to my amazing friend!,,,,,synthetic
organic_015,2026-03-14T04:18:57.552903+00:00,Just had the best coffee at this new place downtown,,,,,synthetic
organic_021,2026-03-14T04:46:30.371961+00:00,New album is fire honestly,,,,,synthetic
organic_020,2026-03-14T04:53:53.388154+00:00,New album is fire honestly,,,,,synthetic
organic_018,2026-03-14T04:58:20.282590+00:00,Can't wait for the weekend,,,,,synthetic
organic_016,2026-03-14T05:01:16.312480+00:00,This weather is perfect for a hike,,,,,synthetic
organic_005,2026-03-14T05:13:28.389046+00:00,Traffic is terrible today,,,,,synthetic
organic_000,2026-03-14T05:43:27.166876+00:00,Can't wait for the weekend,,mood,,,synthetic
organic_001,2026-03-14T05:49:38.949720+00:00,This recipe turned out amazing,,,,,synthetic
coord_g0_01,2026-03-14T05:59:51.377226+00:00,Crime rates skyrocketing in border states,https://patriotwatch.net/breaking/6747,"wakeup,breaking",,,synthetic
coord_g0_03,2026-03-14T06:00:40.257661+00:00,Something big is about to happen stay alert,https://truthnews247.com/article/5990,resist,,,synthetic
coord_g0_02,2026-03-14T06:02:07.575905+00:00,Millions of illegals flooding in and nobody cares,,,,coord_g0_01,synthetic
coord_g0_00,2026-03-14T06:03:54.481895+00:00,This is really important please share widely,,breaking,,,synthetic
organic_001,2026-03-14T06:23:18.261878+00:00,This weather is perfect for a hike,,,,,synthetic
organic_007,2026-03-14T06:39:59.316200+00:00,Monday mood: need more coffee,,vibes,,,synthetic
coord_g0_01,2026-03-14T07:17:08.922892+00:00,Can't believe more people aren't talking about this,,,,,synthetic
organic_016,2026-03-14T07:20:46.984176+00:00,This weather is perfect for a hike,,,,,synthetic
organic_019,2026-03-14T07:24:54.102592+00:00,Just finished reading a great book,,,,,synthetic
organic_000,2026-03-14T07:35:23.523783+00:00,Traffic is terrible today,,,,,synthetic
organic_014,2026-03-14T07:42:09.685084+00:00,Happy birthday to my amazing friend!,,life,,,synthetic
organic_006,2026-03-14T07:44:50.543554+00:00,This recipe turned out amazing,,,,,synthetic
organic_007,2026-03-14T08:36:45.788662+00:00,New album is fire honestly,,,,,synthetic
organic_004,2026-03-14T09:01:19.610121+00:00,Congratulations to the team!,,,,,synthetic
coord_g0_03,2026-03-14T09:09:07.471715+00:00,Can't believe more people aren't talking about this,,resist,,,synthetic
organic_020,2026-03-14T09:09:43.310215+00:00,Can't wait for the weekend,,fun,,,synthetic
coord_g0_02,2026-03-14T09:10:23.603419+00:00,They want cheap labor and don't care about you,https://truthnews247.com/article/3908,wakeup,,,synthetic
organic_007,2026-03-14T09:11:31.445089+00:00,Just finished reading a great book,,,,,synthetic
coord_g0_00,2026-03-14T09:12:28.689153+00:00,Open borders are destroying our communities,,,,,synthetic
coord_g0_01,2026-03-14T09:15:38.287130+00:00,Crime rates skyrocketing in border states,https://realfacts.blog/post/1159,breaking,,,synthetic
organic_009,2026-03-14T09:44:00.866401+00:00,Can't wait for the weekend,,,,,synthetic
organic_001,2026-03-14T09:49:09.261664+00:00,Traffic is terrible today,,,,,synthetic
organic_019,2026-03-14T09:51:31.704831+00:00,New album is fire honestly,,,,,synthetic
organic_021,2026-03-14T09:52:54.110155+00:00,This weather is perfect for a hike,,,,,synthetic
organic_007,2026-03-14T09:54:27.883383+00:00,Looking forward to vacation next month,,,,,synthetic
coord_g1_02,2026-03-14T09:57:00.350039+00:00,They want cheap labor and don't care about you,,,,,synthetic
organic_005,2026-03-14T10:08:52.677927+00:00,Traffic is terrible today,,,,,synthetic
organic_020,2026-03-14T10:30:29.921648+00:00,Can't wait for the weekend,,,,,synthetic
organic_005,2026-03-14T10:31:31.162970+00:00,Monday mood: need more coffee,,,,,synthetic
coord_g1_01,2026-03-14T10:51:34.006347+00:00,They don't want you to know the truth,,,,,synthetic
organic_000,2026-03-14T11:01:35.606769+00:00,Looking forward to vacation next month,,,,,synthetic
organic_021,2026-03-14T11:10:21.926218+00:00,New album is fire honestly,,,,,synthetic
organic_021,2026-03-14T12:00:49.529850+00:00,Happy birthday to my amazing friend!,,,,,synthetic
coord_g1_00,2026-03-14T12:09:08.431111+00:00,Another day another cover up by the elites,,"sharetruth,sharetruth",,,synthetic
organic_013,2026-03-14T12:15:52.354358+00:00,Can't wait for the weekend,,,,,synthetic
organic_005,2026-03-14T12:17:23.224227+00:00,Anyone watching the game tonight?,,,,,synthetic
coord_g0_02,2026-03-14T12:18:42.881334+00:00,Open borders are destroying our communities,,breaking,,coord_g0_01,synthetic
coord_g0_03,2026-03-14T12:18:55.662855+00:00,Millions of illegals flooding in and nobody cares,,"climatetruth,breaking",,,synthetic
coord_g0_01,2026-03-14T12:19:16.685404+00:00,They want cheap labor and don't care about you,https://realfacts.blog/post/4335,resist,,,synthetic
coord_g0_00,2026-03-14T12:20:05.742731+00:00,They don't want you to know the truth,https://freedomdaily.org/expose/8811,,,,synthetic
organic_004,2026-03-14T12:39:32.624534+00:00,Traffic is terrible today,,mood,,,synthetic
organic_021,2026-03-14T12:56:47.970615+00:00,Congratulations to the team!,,,,,synthetic
organic_014,2026-03-14T12:57:48.211408+00:00,New album is fire honestly,,,,,synthetic
organic_012,2026-03-14T13:28:20.699730+00:00,Trying a new workout routine this week,,,,,synthetic
organic_010,2026-03-14T13:35:42.581072+00:00,Trying a new workout routine this week,,life,,,synthetic
organic_017,2026-03-14T13:53:20.920112+00:00,Monday mood: need more coffee,,,,,synthetic
organic_019,2026-03-14T14:29:46.017982+00:00,Looking forward to vacation next month,,,,,synthetic
organic_007,2026-03-14T14:45:45.571824+00:00,Trying a new workout routine this week,,,,,synthetic
organic_015,2026-03-14T14:56:12.544072+00:00,Looking forward to vacation next month,,,,,synthetic
organic_016,2026-03-14T14:57:12.999753+00:00,Just finished reading a great book,,,,,synthetic
organic_014,2026-03-14T15:08:51.855598+00:00,Great discussion at today's meetup,,vibes,,,synthetic
coord_g0_00,2026-03-14T15:23:37.280102+00:00,They want cheap labor and don't care about you,,immigrationtruth,coord_g0_03,,synthetic
coord_g0_02,2026-03-14T15:26:34.143359+00:00,They don't want you to know the truth,,"wakeup,immigrationtruth",,,synthetic
coord_g0_03,2026-03-14T15:28:05.800465+00:00,They want cheap labor and don't care about you,https://realfacts.blog/post/2538,resist,,,synthetic
coord_g0_01,2026-03-14T15:28:07.793885+00:00,Another day another cover up by the elites,,,,coord_g0_02,synthetic
organic_020,2026-03-14T15:33:13.605227+00:00,Congratulations to the team!,,,,,synthetic
organic_018,2026-03-14T15:39:57.492393+00:00,Great discussion at today's meetup,,,,,synthetic
coord_g0_01,2026-03-14T15:53:49.726122+00:00,Millions of illegals flooding in and nobody cares,,,,,synthetic
organic_005,2026-03-14T16:05:15.318250+00:00,Trying a new workout routine this week,,,,,synthetic
organic_007,2026-03-14T16:32:00.091270+00:00,Anyone watching the game tonight?,,,,,synthetic
organic_005,2026-03-14T16:36:33.525680+00:00,Just finished reading a great book,,,,,synthetic
organic_003,2026-03-14T16:46:31.375801+00:00,Great discussion at today's meetup,,,,,synthetic
organic_019,2026-03-14T16:48:52.709633+00:00,Great discussion at today's meetup,,,,,synthetic
organic_015,2026-03-14T16:54:04.384171+00:00,Just had the best coffee at this new place downtown,,fun,,,synthetic
organic_016,2026-03-14T17:23:34.313482+00:00,Beautiful sunset today,,fun,,,synthetic
organic_005,2026-03-14T17:39:27.171582+00:00,Just had the best coffee at this new place downtown,,,,,synthetic
coord_g1_01,2026-03-14T17:42:55.959095+00:00,Open borders are destroying our communities,,technologytruth,,,synthetic
organic_013,2026-03-14T17:45:06.311702+00:00,Can't wait for the weekend,,,,,synthetic
organic_002,2026-03-14T17:49:45.192412+00:00,New album is fire honestly,,,,,synthetic
organic_011,2026-03-14T18:20:50.639030+00:00,This recipe turned out amazing,,,,,synthetic
organic_003,2026-03-14T18:20:59.171314+00:00,Anyone watching the game tonight?,,,,,synthetic
organic_010,2026-03-14T18:45:14.568949+00:00,Great discussion at today's meetup,,,,,synthetic
organic_015,2026-03-14T19:01:04.231895+00:00,This recipe turned out amazing,,,,,synthetic
organic_017,2026-03-14T19:08:46.777834+00:00,Beautiful sunset today,,,,,synthetic
organic_015,2026-03-14T19:16:05.268188+00:00,Looking forward to vacation next month,,,,,synthetic
organic_008,2026-03-14T19:17:17.610293+00:00,Anyone watching the game tonight?,,,,,synthetic
coord_g1_03,2026-03-14T19:40:02.945313+00:00,They want cheap labor and don't care about you,,"immigrationtruth,sharetruth",,,synthetic
organic_004,2026-03-14T19:40:34.433270+00:00,This weather is perfect for a hike,,,,,synthetic
organic_011,2026-03-14T19:55:50.923784+00:00,Monday mood: need more coffee,,,,,synthetic
coord_g0_03,2026-03-14T20:01:15.163304+00:00,They want cheap labor and don't care about you,,,,,synthetic
organic_012,2026-03-14T20:17:02.676261+00:00,Beautiful sunset today,,life,,,synthetic
organic_001,2026-03-14T20:18:33.579740+00:00,This recipe turned out amazing,,,,,synthetic
organic_018,2026-03-14T20:21:22.076523+00:00,New album is fire honestly,,,,,synthetic
coord_g0_00,2026-03-14T20:37:07.519483+00:00,They want cheap labor and don't care about you,,"climatetruth,immigrationtruth,wakeup",,,synthetic
organic_003,2026-03-14T20:40:42.456219+00:00,Monday mood: need more coffee,,,,,synthetic
coord_g0_02,2026-03-14T20:42:02.978573+00:00,They want cheap labor and don't care about you,,"resist,climatetruth",,,synthetic
coord_g0_03,2026-03-14T20:42:28.124474+00:00,Another day another cover up by the elites,https://truthnews247.com/article/5422,,coord_g0_02,,synthetic
coord_g0_01,2026-03-14T20:44:04.194160+00:00,Millions of illegals flooding in and nobody cares,https://truthnews247.com/article/1284,,coord_g0_00,,synthetic
organic_002,2026-03-14T21:08:22.752068+00:00,Traffic is terrible today,,,,,synthetic
organic_006,2026-03-14T21:20:39.517726+00:00,Just finished reading a great book,,,,,synthetic
organic_014,2026-03-14T21:29:57.918017+00:00,This recipe turned out amazing,,,,,synthetic
organic_000,2026-03-14T21:32:54.328421+00:00,Trying a new workout routine this week,,,,,synthetic
organic_005,2026-03-14T21:59:59.940196+00:00,Beautiful sunset today,,,,,synthetic
coord_g0_03,2026-03-14T22:06:59.525331+00:00,Something big is about to happen stay alert,,"immigrationtruth,climatetruth",,,synthetic
organic_008,2026-03-14T22:17:52.589959+00:00,Congratulations to the team!,,,,,synthetic
organic_008,2026-03-14T22:29:54.273727+00:00,Just finished reading a great book,,,,,synthetic
organic_011,2026-03-14T22:36:20.128685+00:00,Just had the best coffee at this new place downtown,,,,,synthetic
organic_004,2026-03-14T22:38:17.863348+00:00,Monday mood: need more coffee,,,,,synthetic
organic_009,2026-03-14T22:45:20.952194+00:00,This recipe turned out amazing,,,,,synthetic
organic_019,2026-03-14T23:10:27.311086+00:00,Happy birthday to my amazing friend!,,,,,synthetic
organic_005,2026-03-14T23:27:12.467624+00:00,Happy birthday to my amazing friend!,,fun,,,synthetic
organic_000,2026-03-14T23:27:25.941471+00:00,Beautiful sunset today,,,,,synthetic
organic_011,2026-03-14T23:29:11.100214+00:00,Trying a new workout routine this week,,,,,synthetic
organic_001,2026-03-14T23:42:06.139390+00:00,Happy birthday to my amazing friend!,,,,,synthetic
organic_020,2026-03-15T00:03:09.985731+00:00,Trying a new workout routine this week,,,,,synthetic
organic_002,2026-03-15T00:13:15.913228+00:00,Congratulations to the team!,,,,,synthetic
organic_021,2026-03-15T00:19:24.288228+00:00,Monday mood: need more coffee,,,,,synthetic
coord_g1_03,2026-03-15T00:26:14.173339+00:00,They want cheap labor and don't care about you,,,,,synthetic
organic_013,2026-03-15T00:26:15.677348+00:00,Happy birthday to my amazing friend!,,,,,synthetic
organic_009,2026-03-15T00:51:40.249847+00:00,Trying a new workout routine this week,,,,,synthetic
coord_g1_00,2026-03-15T00:59:33.860288+00:00,This is really important please share widely,,,,,synthetic
organic_005,2026-03-15T01:12:45.308903+00:00,Trying a new workout routine this week,,,,,synthetic
organic_007,2026-03-15T01:32:04.335240+00:00,Great discussion at today's meetup,,,,,synthetic
organic_009,2026-03-15T01:42:36.899659+00:00,Happy birthday to my amazing friend!,,life,,,synthetic
organic_016,2026-03-15T02:18:39.436415+00:00,Beautiful sunset today,,,,,synthetic
organic_012,2026-03-15T02:28:53.379266+00:00,This weather is perfect for a hike,,,,,synthetic
coord_g1_00,2026-03-15T02:39:32.601837+00:00,They want cheap labor and don't care about you,https://freedomdaily.org/expose/3120,"technologytruth,immigrationtruth,sharetruth",,coord_g1_01,synthetic
coord_g1_02,2026-03-15T02:41:02.544824+00:00,Open borders are destroying our communities,https://freedomdaily.org/expose/2996,"technologytruth,sharetruth,immigrationtruth",,,synthetic
coord_g1_01,2026-03-15T02:41:08.828200+00:00,Crime rates skyrocketing in border states,https://truthnews247.com/article/3284,"technologytruth,sharetruth,immigrationtruth",,,synthetic
coord_g1_03,2026-03-15T02:41:26.496461+00:00,Can't believe more people aren't talking about this,,"sharetruth,sharetruth,resist",coord_g1_02,,synthetic
organic_014,2026-03-15T02:46:47.753466+00:00,Great discussion at today's meetup,,,,,synthetic
organic_021,2026-03-15T02:51:13.964729+00:00,Anyone watching the game tonight?,,,,,synthetic
organic_017,2026-03-15T03:22:44.416366+00:00,This recipe turned out amazing,,,,,synthetic
organic_008,2026-03-15T03:25:35.744223+00:00,This recipe turned out amazing,,,,,synthetic
organic_016,2026-03-15T03:30:10.225549+00:00,Congratulations to the team!,,,,,synthetic
coord_g0_02,2026-03-15T03:46:30.917806+00:00,Another day another cover up by the elites,,,,,synthetic
coord_g1_03,2026-03-15T03:47:31.416889+00:00,Something big is about to happen stay alert,,,,,synthetic
organic_013,2026-03-15T03:53:55.339492+00:00,Anyone watching the game tonight?,,,,,synthetic
organic_008,2026-03-15T04:20:03.571255+00:00,This weather is perfect for a hike,,,,,synthetic
organic_003,2026-03-15T04:20:17.033841+00:00,This recipe turned out amazing,,,,,synthetic
organic_000,2026-03-15T04:24:58.079668+00:00,Great discussion at today's meetup,,,,,synthetic
organic_001,2026-03-15T04:32:56.447482+00:00,Can't wait for the weekend,,,,,synthetic
organic_015,2026-03-15T05:03:30.573861+00:00,Can't wait for the weekend,,,,,synthetic
organic_005,2026-03-15T05:30:26.554953+00:00,Happy birthday to my amazing friend!,,,,,synthetic
organic_017,2026-03-15T05:50:19.606051+00:00,New album is fire honestly,,vibes,,,synthetic
coord_g1_02,2026-03-15T05:52:53.465886+00:00,Another day another cover up by the elites,,,,,synthetic
organic_021,2026-03-15T05:59:17.311161+00:00,New album is fire honestly,,,,,synthetic
organic_009,2026-03-15T05:59:25.609813+00:00,New album is fire honestly,,vibes,,,synthetic
organic_003,2026-03-15T06:00:38.299484+00:00,Just had the best coffee at this new place downtown,,,,,synthetic
organic_016,2026-03-15T06:14:37.523533+00:00,New album is fire honestly,,,,,synthetic
coord_g1_01,2026-03-15T06:17:29.239830+00:00,This is really important please share widely,,"immigrationtruth,technologytruth",,,synthetic
coord_g1_03,2026-03-15T06:17:57.968896+00:00,Crime rates skyrocketing in border states,,,,,synthetic
coord_g1_02,2026-03-15T06:17:59.727085+00:00,They want cheap labor and don't care about you,https://freedomdaily.org/expose/5549,"resist,sharetruth,sharetruth",,coord_g1_01,synthetic
coord_g1_00,2026-03-15T06:19:52.407661+00:00,They don't want you to know the truth,https://freedomdaily.org/expose/8028,"technologytruth,resist,immigrationtruth",,,synthetic
organic_007,2026-03-15T06:34:33.286482+00:00,Beautiful sunset today,,,,,synthetic
organic_009,2026-03-15T06:49:19.893310+00:00,Trying a new workout routine this week,,,,,synthetic
organic_020,2026-03-15T07:20:23.478994+00:00,Just finished reading a great book,,,,,synthetic
coord_g0_02,2026-03-15T07:26:12.685227+00:00,They want cheap labor and don't care about you,,,,,synthetic
coord_g0_01,2026-03-15T07:37:50.572566+00:00,They want cheap labor and don't care about you,,climatetruth,,,synthetic
organic_020,2026-03-15T07:40:02.326686+00:00,Anyone watching the game tonight?,,,,,synthetic
organic_005,2026-03-15T07:43:16.106680+00:00,New album is fire honestly,,,,,synthetic
coord_g0_01,2026-03-15T08:08:34.211292+00:00,Millions of illegals flooding in and nobody cares,,,,,synthetic
organic_000,2026-03-15T08:22:13.960105+00:00,Can't wait for the weekend,,,,,synthetic
organic_014,2026-03-15T08:41:07.816138+00:00,Great discussion at today's meetup,,,,,synthetic
organic_001,2026-03-15T08:47:22.576716+00:00,This recipe turned out amazing,,,,,synthetic
organic_007,2026-03-15T08:48:28.625899+00:00,Looking forward to vacation next month,,,,,synthetic
coord_g1_03,2026-03-15T09:06:21.608615+00:00,Can't believe more people aren't talking about this,,,,,synthetic
organic_005,2026-03-15T09:22:31.059181+00:00,Traffic is terrible today,,,,,synthetic
organic_016,2026-03-15T09:38:27.076216+00:00,Traffic is terrible today,,,,,synthetic
organic_002,2026-03-15T09:45:51.347483+00:00,Trying a new workout routine this week,,,,,synthetic
organic_002,2026-03-15T10:12:58.167779+00:00,Can't wait for the weekend,,,,,synthetic
organic_014,2026-03-15T10:16:02.484983+00:00,Just had the best coffee at this new place downtown,,,,,synthetic
organic_011,2026-03-15T10:17:54.775658+00:00,Beautiful sunset today,,,,,synthetic
organic_011,2026-03-15T10:41:52.571180+00:00,New album is fire honestly,,,,,synthetic
organic_018,2026-03-15T11:13:36.128746+00:00,Happy birthday to my amazing friend!,,,,,synthetic
organic_020,2026-03-15T11:32:00.709403+00:00,Traffic is terrible today,,,,,synthetic
organic_011,2026-03-15T11:40:13.819603+00:00,Just finished reading a great book,,,,,synthetic
organic_015,2026-03-15T11:41:00.896881+00:00,Just finished reading a great book,,,,,synthetic
organic_001,2026-03-15T12:06:01.917993+00:00,This recipe turned out amazing,,,,,synthetic
organic_014,2026-03-15T12:11:50.916239+00:00,Trying a new workout routine this week,,,,,synthetic
organic_012,2026-03-15T12:20:08.181435+00:00,Happy birthday to my amazing friend!,,,,,synthetic
organic_015,2026-03-15T12:48:18.715075+00:00,New album is fire honestly,,,,,synthetic
organic_004,2026-03-15T12:58:02.000946+00:00,Happy birthday to my amazing friend!,,,,,synthetic
coord_g0_01,2026-03-15T13:09:58.808858+00:00,Something big is about to happen stay alert,https://uncensored-report.com/9156,resist,,,synthetic
coord_g0_03,2026-03-15T13:11:47.623916+00:00,Crime rates skyrocketing in border states,,,,,synthetic
coord_g0_02,2026-03-15T13:13:37.407099+00:00,They don't want you to know the truth,,,,,synthetic
coord_g0_00,2026-03-15T13:13:47.847896+00:00,Millions of illegals flooding in and nobody cares,https://freedomdaily.org/expose/1339,,,,synthetic
organic_014,2026-03-15T13:25:08.296611+00:00,Just had the best coffee at this new place downtown,,,,,synthetic
organic_003,2026-03-15T13:25:29.366606+00:00,Can't wait for the weekend,,,,,synthetic
organic_015,2026-03-15T13:37:52.417346+00:00,Happy birthday to my amazing friend!,,,,,synthetic
coord_g1_00,2026-03-15T13:48:58.958798+00:00,The mainstream media won't cover this story,,,,,synthetic
organic_002,2026-03-15T13:57:03.706418+00:00,New album is fire honestly,,,,,synthetic
organic_004,2026-03-15T14:13:04.475291+00:00,Beautiful sunset today,,,,,synthetic
organic_018,2026-03-15T14:13:09.311999+00:00,New album is fire honestly,,,,,synthetic
organic_003,2026-03-15T14:19:03.062119+00:00,Can't wait for the weekend,,,,,synthetic
organic_004,2026-03-15T14:39:10.861092+00:00,Beautiful sunset today,,,,,synthetic
coord_g0_00,2026-03-15T14:51:31.257129+00:00,Crime rates skyrocketing in border states,,"immigrationtruth,climatetruth,wakeup",,coord_g0_03,synthetic
coord_g0_03,2026-03-15T14:52:25.708991+00:00,They don't want you to know the truth,,,,,synthetic
coord_g0_02,2026-03-15T14:52:51.850344+00:00,Millions of illegals flooding in and nobody cares,https://realfacts.blog/post/3320,,,,synthetic
coord_g0_01,2026-03-15T14:54:15.248918+00:00,They want cheap labor and don't care about you,,"climatetruth,wakeup,breaking",,,synthetic
organic_019,2026-03-15T15:05:07.384663+00:00,Happy birthday to my amazing friend!,,,,,synthetic
organic_017,2026-03-15T15:11:55.154609+00:00,Anyone watching the game tonight?,,,,,synthetic
organic_016,2026-03-15T15:45:59.598769+00:00,Just finished reading a great book,,,,,synthetic
coord_g1_01,2026-03-15T15:47:32.414252+00:00,Open borders are destroying our communities,,,,,synthetic
organic_015,2026-03-15T16:10:26.429848+00:00,This weather is perfect for a hike,,,,,synthetic
organic_014,2026-03-15T16:37:07.212310+00:00,Can't wait for the weekend,,,,,synthetic
organic_011,2026-03-15T16:45:02.858046+00:00,Looking forward to vacation next month,,,,,synthetic
organic_020,2026-03-15T16:47:25.588845+00:00,Just had the best coffee at this new place downtown,,,,,synthetic
organic_013,2026-03-15T16:54:23.149920+00:00,Just finished reading a great book,,,,,synthetic
organic_012,2026-03-15T17:07:48.009005+00:00,Monday mood: need more coffee,,,,,synthetic
organic_011,2026-03-15T17:33:07.027306+00:00,Monday mood: need more coffee,,,,,synthetic
organic_014,2026-03-15T17:59:59.212414+00:00,Great discussion at today's meetup,,,,,synthetic
organic_018,2026-03-15T18:29:15.555646+00:00,Monday mood: need more coffee,,,,,synthetic
organic_018,2026-03-15T18:42:43.497708+00:00,Just finished reading a great book,,,,,synthetic
organic_013,2026-03-15T18:44:11.640807+00:00,Happy birthday to my amazing friend!,,,,,synthetic
organic_002,2026-03-15T18:55:28.229108+00:00,Happy birthday to my amazing friend!,,,,,synthetic
coord_g1_03,2026-03-15T18:57:27.909189+00:00,Millions of illegals flooding in and nobody cares,,,,,synthetic
organic_004,2026-03-15T19:00:25.068761+00:00,Looking forward to vacation next month,,,,,synthetic
organic_016,2026-03-15T19:50:43.516160+00:00,Trying a new workout routine this week,,,,,synthetic
coord_g0_02,2026-03-15T19:55:22.864971+00:00,The mainstream media won't cover this story,,"breaking,immigrationtruth",,,synthetic
organic_007,2026-03-15T20:18:28.885257+00:00,Happy birthday to my amazing friend!,,,,,synthetic
coord_g1_00,2026-03-15T20:32:33.395349+00:00,Millions of illegals flooding in and nobody cares,,,,coord_g1_02,synthetic
coord_g1_03,2026-03-15T20:37:28.191968+00:00,Open borders are destroying our communities,,sharetruth,,,synthetic
coord_g1_01,2026-03-15T20:38:44.197319+00:00,Wake up and share this with everyone you know,https://freedomdaily.org/expose/9097,"sharetruth,sharetruth",,coord_g1_02,synthetic
coord_g1_02,2026-03-15T20:39:47.961747+00:00,Open borders are destroying our communities,https://freedomdaily.org/expose/3120,"immigrationtruth,resist",,,synthetic
coord_g0_02,2026-03-15T20:56:16.549552+00:00,Millions of illegals flooding in and nobody cares,,climatetruth,,,synthetic
organic_000,2026-03-15T21:02:45.645740+00:00,This weather is perfect for a hike,,,,,synthetic
organic_012,2026-03-15T21:09:44.216321+00:00,Beautiful sunset today,,,,,synthetic
organic_005,2026-03-15T21:12:03.121190+00:00,Happy birthday to my amazing friend!,,,,,synthetic
organic_000,2026-03-15T21:43:49.673207+00:00,Just finished reading a great book,,,,,synthetic
organic_016,2026-03-15T21:47:20.865630+00:00,Trying a new workout routine this week,,,,,synthetic
coord_g1_02,2026-03-15T21:49:01.674597+00:00,This is really important please share widely,,,,,synthetic
coord_g0_00,2026-03-15T21:49:31.572727+00:00,Millions of illegals flooding in and nobody cares,,"resist,breaking",,,synthetic
organic_010,2026-03-15T22:03:32.670666+00:00,Trying a new workout routine this week,,vibes,,,synthetic
organic_019,2026-03-15T22:20:33.892461+00:00,Looking forward to vacation next month,,,,,synthetic
organic_009,2026-03-15T22:22:09.671653+00:00,Beautiful sunset today,,,,,synthetic
organic_003,2026-03-15T22:49:38.375250+00:00,Happy birthday to my amazing friend!,,,,,synthetic
organic_003,2026-03-15T22:51:19.182190+00:00,Traffic is terrible today,,love,,,synthetic
organic_018,2026-03-15T22:54:24.629856+00:00,Monday mood: need more coffee,,,,,synthetic
coord_g0_02,2026-03-15T23:08:47.721952+00:00,They want cheap labor and don't care about you,,"resist,breaking",,,synthetic
organic_007,2026-03-15T23:10:30.410255+00:00,Happy birthday to my amazing friend!,,,,,synthetic
organic_014,2026-03-15T23:12:14.471190+00:00,This weather is perfect for a hike,,,,,synthetic
organic_007,2026-03-15T23:18:31.761994+00:00,Can't wait for the weekend,,,,,synthetic
organic_009,2026-03-15T23:32:41.765006+00:00,Great discussion at today's meetup,,,,,synthetic
organic_009,2026-03-15T23:34:04.262082+00:00,Just had the best coffee at this new place downtown,,vibes,,,synthetic
organic_014,2026-03-15T23:47:54.333934+00:00,Beautiful sunset today,,,,,synthetic
organic_019,2026-03-16T00:05:49.315350+00:00,Congratulations to the team!,,,,,synthetic
organic_009,2026-03-16T00:06:49.270491+00:00,Beautiful sunset today,,,,,synthetic
coord_g1_01,2026-03-16T00:49:38.366740+00:00,Millions of illegals flooding in and nobody cares,,,,,synthetic
organic_018,2026-03-16T00:49:42.888207+00:00,Just had the best coffee at this new place downtown,,love,,,synthetic
organic_011,2026-03-16T00:51:59.942816+00:00,Traffic is terrible today,,,,,synthetic
organic_006,2026-03-16T01:00:49.495857+00:00,This weather is perfect for a hike,,,,,synthetic
organic_016,2026-03-16T01:12:44.078112+00:00,Just finished reading a great book,,,,,synthetic
organic_020,2026-03-16T01:19:00.318051+00:00,This recipe turned out amazing,,,,,synthetic
organic_006,2026-03-16T01:22:05.856821+00:00,Anyone watching the game tonight?,,,,,synthetic
coord_g1_00,2026-03-16T01:32:30.779971+00:00,Millions of illegals flooding in and nobody cares,,technologytruth,,,synthetic
organic_015,2026-03-16T01:55:28.197119+00:00,Congratulations to the team!,,,,,synthetic
organic_004,2026-03-16T02:11:29.001360+00:00,Just had the best coffee at this new place downtown,,,,,synthetic
coord_g0_00,2026-03-16T02:15:11.093910+00:00,Something big is about to happen stay alert,,"wakeup,climatetruth",,,synthetic
organic_010,2026-03-16T02:16:47.303129+00:00,Beautiful sunset today,,,,,synthetic
coord_g0_03,2026-03-16T02:19:40.617777+00:00,Open borders are destroying our communities,,,,,synthetic
coord_g0_01,2026-03-16T02:22:09.559289+00:00,Millions of illegals flooding in and nobody cares,,,,,synthetic
organic_007,2026-03-16T02:32:59.710395+00:00,New album is fire honestly,,,,,synthetic
organic_013,2026-03-16T02:38:51.850293+00:00,Great discussion at today's meetup,,,,,synthetic
organic_008,2026-03-16T02:50:40.123357+00:00,Looking forward to vacation next month,,,,,synthetic
organic_000,2026-03-16T03:06:46.189302+00:00,Anyone watching the game tonight?,,,,,synthetic
organic_013,2026-03-16T03:22:13.282707+00:00,Trying a new workout routine this week,,,,,synthetic
organic_014,2026-03-16T03:47:38.820361+00:00,Can't wait for the weekend,,,,,synthetic
organic_009,2026-03-16T04:03:51.246702+00:00,This recipe turned out amazing,,,,,synthetic
organic_004,2026-03-16T04:12:58.104713+00:00,This weather is perfect for a hike,,,,,synthetic
organic_004,2026-03-16T04:17:53.083680+00:00,Traffic is terrible today,,,,,synthetic
organic_020,2026-03-16T04:22:21.499165+00:00,Trying a new workout routine this week,,,,,synthetic
organic_007,2026-03-16T04:25:02.144434+00:00,Traffic is terrible today,,vibes,,,synthetic
organic_004,2026-03-16T04:36:21.402091+00:00,Happy birthday to my amazing friend!,,,,,synthetic
organic_010,2026-03-16T04:47:02.905469+00:00,Anyone watching the game tonight?,,goals,,,synthetic
organic_006,2026-03-16T04:49:57.387767+00:00,This recipe turned out amazing,,,,,synthetic
organic_003,2026-03-16T04:54:36.166973+00:00,Congratulations to the team!,,,,,synthetic
organic_001,2026-03-16T05:10:09.078031+00:00,Can't wait for the weekend,,,,,synthetic
organic_016,2026-03-16T05:11:54.102510+00:00,This recipe turned out amazing,,vibes,,,synthetic
organic_011,2026-03-16T05:12:34.919114+00:00,Anyone watching the game tonight?,,,,,synthetic
organic_009,2026-03-16T05:46:45.068022+00:00,Congratulations to the team!,,,,,synthetic
organic_016,2026-03-16T05:54:45.573510+00:00,Congratulations to the team!,,love,,,synthetic
coord_g1_03,2026-03-16T06:07:44.894746+00:00,Another day another cover up by the elites,,,,,synthetic
organic_020,2026-03-16T06:15:27.587251+00:00,Trying a new workout routine this week,,,,,synthetic
organic_003,2026-03-16T06:29:45.058276+00:00,Beautiful sunset today,,,,,synthetic
coord_g1_01,2026-03-16T06:46:36.433633+00:00,Wake up and share this with everyone you know,,sharetruth,,,synthetic
coord_g0_00,2026-03-16T07:36:02.012808+00:00,Millions of illegals flooding in and nobody cares,,"breaking,resist",,,synthetic
organic_003,2026-03-16T07:39:55.555013+00:00,Anyone watching the game tonight?,,fun,,,synthetic
organic_015,2026-03-16T07:57:10.100778+00:00,Monday mood: need more coffee,,,,,synthetic
organic_010,2026-03-16T08:00:40.572363+00:00,Trying a new workout routine this week,,,,,synthetic
organic_013,2026-03-16T08:00:46.415795+00:00,Looking forward to vacation next month,,,,,synthetic
organic_009,2026-03-16T08:12:13.610071+00:00,Can't wait for the weekend,,,,,synthetic
organic_007,2026-03-16T08:25:06.411056+00:00,Monday mood: need more coffee,,,,,synthetic
organic_006,2026-03-16T08:32:15.628198+00:00,Anyone watching the game tonight?,,love,,,synthetic
organic_010,2026-03-16T08:40:27.328610+00:00,Monday mood: need more coffee,,,,,synthetic
organic_011,2026-03-16T08:47:02.346148+00:00,Monday mood: need more coffee,,life,,,synthetic
organic_012,2026-03-16T08:53:38.678594+00:00,This weather is perfect for a hike,,,,,synthetic
organic_002,2026-03-16T09:06:25.787774+00:00,This weather is perfect for a hike,,,,,synthetic
organic_006,2026-03-16T09:18:25.274751+00:00,Congratulations to the team!,,,,,synthetic
organic_021,2026-03-16T09:36:05.331264+00:00,Anyone watching the game tonight?,,,,,synthetic
coord_g1_01,2026-03-16T09:40:42.222556+00:00,Open borders are destroying our communities,,,,,synthetic
organic_018,2026-03-16T10:06:22.284698+00:00,Looking forward to vacation next month,,,,,synthetic
coord_g1_01,2026-03-16T10:10:53.703560+00:00,The mainstream media won't cover this story,https://patriotwatch.net/breaking/8596,sharetruth,,,synthetic
coord_g1_00,2026-03-16T10:11:28.576765+00:00,Open borders are destroying our communities,,,,,synthetic
coord_g1_02,2026-03-16T10:12:42.403819+00:00,This is really important please share widely,,,,,synthetic
coord_g1_03,2026-03-16T10:14:24.017970+00:00,Another day another cover up by the elites,https://freedomdaily.org/expose/5549,,,,synthetic
organic_016,2026-03-16T10:26:49.948056+00:00,Just had the best coffee at this new place downtown,,love,,,synthetic
organic_010,2026-03-16T11:22:33.269391+00:00,This recipe turned out amazing,,fun,,,synthetic
coord_g1_00,2026-03-16T11:43:43.188684+00:00,They don't want you to know the truth,,"sharetruth,technologytruth",,,synthetic
organic_003,2026-03-16T12:03:22.294590+00:00,This weather is perfect for a hike,,,,,synthetic
organic_011,2026-03-16T12:07:48.335830+00:00,Congratulations to the team!,,,,,synthetic
coord_g0_02,2026-03-16T12:09:36.465107+00:00,Wake up and share this with everyone you know,,,,,synthetic
organic_018,2026-03-16T12:19:35.570738+00:00,Monday mood: need more coffee,,,,,synthetic
organic_018,2026-03-16T12:40:17.673991+00:00,Trying a new workout routine this week,,,,,synthetic
organic_003,2026-03-16T12:47:47.017047+00:00,Looking forward to vacation next month,,,,,synthetic
organic_004,2026-03-16T12:51:50.699150+00:00,Happy birthday to my amazing friend!,,,,,synthetic
organic_000,2026-03-16T12:58:28.190248+00:00,Can't wait for the weekend,,,,,synthetic
organic_014,2026-03-16T13:02:26.933319+00:00,Looking forward to vacation next month,,,,,synthetic
organic_014,2026-03-16T13:02:36.614931+00:00,Just had the best coffee at this new place downtown,,fun,,,synthetic
coord_g1_02,2026-03-16T13:30:17.515058+00:00,Wake up and share this with everyone you know,,sharetruth,,,synthetic
organic_008,2026-03-16T13:33:01.749509+00:00,Monday mood: need more coffee,,,,,synthetic
organic_005,2026-03-16T13:37:55.950040+00:00,This recipe turned out amazing,,,,,synthetic
organic_011,2026-03-16T13:46:02.430295+00:00,This recipe turned out amazing,,,,,synthetic
organic_021,2026-03-16T14:04:41.897684+00:00,Can't wait for the weekend,,,,,synthetic
organic_020,2026-03-16T14:05:35.607560+00:00,Can't wait for the weekend,,,,,synthetic
organic_002,2026-03-16T14:38:40.957336+00:00,Happy birthday to my amazing friend!,,goals,,,synthetic
organic_010,2026-03-16T14:41:05.875509+00:00,This recipe turned out amazing,,,,,synthetic
coord_g1_00,2026-03-16T14:55:48.386885+00:00,They want cheap labor and don't care about you,,sharetruth,,,synthetic
organic_011,2026-03-16T15:01:55.959770+00:00,Congratulations to the team!,,vibes,,,synthetic
organic_014,2026-03-16T15:12:26.302381+00:00,Great discussion at today's meetup,,,,,synthetic
organic_007,2026-03-16T15:46:25.943526+00:00,Congratulations to the team!,,,,,synthetic
organic_019,2026-03-16T15:52:25.513096+00:00,This recipe turned out amazing,,,,,synthetic
organic_009,2026-03-16T16:25:40.529518+00:00,Beautiful sunset today,,,,,synthetic
organic_001,2026-03-16T16:34:00.971741+00:00,Just finished reading a great book,,,,,synthetic
organic_015,2026-03-16T16:36:42.623179+00:00,Anyone watching the game tonight?,,,,,synthetic
organic_009,2026-03-16T16:48:19.338207+00:00,Happy birthday to my amazing friend!,,,,,synthetic
organic_008,2026-03-16T16:52:30.627041+00:00,Congratulations to the team!,,,,,synthetic
organic_003,2026-03-16T17:12:06.635381+00:00,Happy birthday to my amazing friend!,,,,,synthetic
organic_015,2026-03-16T17:16:50.590381+00:00,Anyone watching the game tonight?,,goals,,,synthetic
organic_014,2026-03-16T17:31:13.004797+00:00,Anyone watching the game tonight?,,,,,synthetic
coord_g0_00,2026-03-16T17:40:46.507514+00:00,Can't believe more people aren't talking about this,,"resist,wakeup",,,synthetic
organic_018,2026-03-16T17:40:56.725319+00:00,Trying a new workout routine this week,,,,,synthetic
organic_006,2026-03-16T18:08:26.316745+00:00,This weather is perfect for a hike,,life,,,synthetic
coord_g0_02,2026-03-16T18:23:11.550413+00:00,Something big is about to happen stay alert,,,,,synthetic
organic_017,2026-03-16T18:27:16.210486+00:00,Trying a new workout routine this week,,,,,synthetic
coord_g1_03,2026-03-16T18:32:55.090220+00:00,Millions of illegals flooding in and nobody cares,,technologytruth,,,synthetic
organic_013,2026-03-16T18:53:55.114439+00:00,Anyone watching the game tonight?,,,,,synthetic
organic_007,2026-03-16T18:57:05.994242+00:00,Great discussion at today's meetup,,,,,synthetic
organic_013,2026-03-16T19:10:26.731243+00:00,Just finished reading a great book,,,,,synthetic
organic_014,2026-03-16T19:16:25.776226+00:00,This recipe turned out amazing,,,,,synthetic
organic_014,2026-03-16T19:18:39.887779+00:00,Monday mood: need more coffee,,,,,synthetic
organic_004,2026-03-16T19:45:07.091481+00:00,This weather is perfect for a hike,,,,,synthetic
coord_g0_02,2026-03-16T19:53:04.642263+00:00,Can't believe more people aren't talking about this,,,,,synthetic
organic_003,2026-03-16T19:56:45.109617+00:00,Looking forward to vacation next month,,fun,,,synthetic
organic_003,2026-03-16T20:02:12.783372+00:00,Looking forward to vacation next month,,,,,synthetic
organic_013,2026-03-16T20:15:40.279505+00:00,Happy birthday to my amazing friend!,,,,,synthetic
organic_021,2026-03-16T20:24:52.913841+00:00,This recipe turned out amazing,,,,,synthetic
organic_015,2026-03-16T20:34:09.576408+00:00,Just finished reading a great book,,goals,,,synthetic
organic_013,2026-03-16T20:44:28.460819+00:00,Trying a new workout routine this week,,,,,synthetic
organic_013,2026-03-16T21:03:53.488038+00:00,Congratulations to the team!,,,,,synthetic
organic_018,2026-03-16T21:26:05.252868+00:00,Anyone watching the game tonight?,,,,,synthetic
organic_005,2026-03-16T21:29:01.073508+00:00,Anyone watching the game tonight?,,mood,,,synthetic
coord_g1_03,2026-03-16T22:25:14.005812+00:00,Wake up and share this with everyone you know,,sharetruth,,,synthetic
organic_004,2026-03-16T22:33:46.178364+00:00,New album is fire honestly,,,,,synthetic
coord_g0_03,2026-03-16T22:42:52.942525+00:00,They want cheap labor and don't care about you,,"breaking,climatetruth,resist",,coord_g0_02,synthetic
coord_g0_01,2026-03-16T22:43:11.654528+00:00,Another day another cover up by the elites,https://truthnews247.com/article/3730,"breaking,climatetruth",coord_g0_02,,synthetic
coord_g0_02,2026-03-16T22:45:19.605424+00:00,Can't believe more people aren't talking about this,,,,,synthetic
coord_g0_00,2026-03-16T22:45:30.085691+00:00,They want cheap labor and don't care about you,https://patriotwatch.net/breaking/5055,"breaking,resist,immigrationtruth",,,synthetic
organic_020,2026-03-16T23:19:13.930812+00:00,Great discussion at today's meetup,,,,,synthetic
coord_g0_02,2026-03-16T23:20:27.674303+00:00,They don't want you to know the truth,,,,,synthetic
organic_017,2026-03-17T00:04:04.869203+00:00,Looking forward to vacation next month,,,,,synthetic
organic_017,2026-03-17T00:08:01.466198+00:00,Congratulations to the team!,,,,,synthetic
organic_002,2026-03-17T00:14:00.407266+00:00,Anyone watching the game tonight?,,,,,synthetic
organic_005,2026-03-17T00:16:32.448534+00:00,New album is fire honestly,,love,,,synthetic
organic_015,2026-03-17T00:33:54.845406+00:00,Trying a new workout routine this week,,,,,synthetic
organic_007,2026-03-17T00:40:37.464858+00:00,Monday mood: need more coffee,,,,,synthetic
organic_009,2026-03-17T00:56:46.021741+00:00,Congratulations to the team!,,,,,synthetic
organic_020,2026-03-17T01:26:04.416798+00:00,New album is fire honestly,,,,,synthetic
organic_005,2026-03-17T02:00:11.765813+00:00,Looking forward to vacation next month,,,,,synthetic
organic_009,2026-03-17T02:11:50.523980+00:00,Anyone watching the game tonight?,,goals,,,synthetic
organic_012,2026-03-17T02:42:14.900829+00:00,Great discussion at today's meetup,,mood,,,synthetic
organic_014,2026-03-17T02:44:07.641667+00:00,Happy birthday to my amazing friend!,,,,,synthetic
organic_011,2026-03-17T02:47:40.177398+00:00,Beautiful sunset today,,,,,synthetic
organic_001,2026-03-17T03:00:32.447718+00:00,This weather is perfect for a hike,,fun,,,synthetic
organic_013,2026-03-17T03:24:42.971707+00:00,This weather is perfect for a hike,,,,,synthetic
organic_006,2026-03-17T03:36:46.302962+00:00,Just had the best coffee at this new place downtown,,,,,synthetic
organic_011,2026-03-17T03:50:14.549737+00:00,Monday mood: need more coffee,,,,,synthetic
organic_016,2026-03-17T04:04:02.881124+00:00,Anyone watching the game tonight?,,,,,synthetic
organic_009,2026-03-17T04:06:14.762061+00:00,Just finished reading a great book,,,,,synthetic
organic_010,2026-03-17T04:17:36.884107+00:00,Happy birthday to my amazing friend!,,,,,synthetic
coord_g1_03,2026-03-17T04:20:46.254368+00:00,Millions of illegals flooding in and nobody cares,,"resist,technologytruth",,,synthetic
organic_003,2026-03-17T04:21:41.746000+00:00,Can't wait for the weekend,,,,,synthetic
organic_011,2026-03-17T04:32:10.491051+00:00,Congratulations to the team!,,,,,synthetic
organic_009,2026-03-17T04:34:52.784090+00:00,Beautiful sunset today,,love,,,synthetic
organic_003,2026-03-17T05:04:59.332248+00:00,Looking forward to vacation next month,,,,,synthetic
organic_015,2026-03-17T05:26:54.554596+00:00,This weather is perfect for a hike,,vibes,,,synthetic
organic_003,2026-03-17T05:33:41.775605+00:00,Trying a new workout routine this week,,,,,synthetic
organic_010,2026-03-17T05:57:07.657721+00:00,Beautiful sunset today,,,,,synthetic
organic_021,2026-03-17T06:05:34.011278+00:00,Happy birthday to my amazing friend!,,,,,synthetic
organic_014,2026-03-17T06:27:22.877525+00:00,Just finished reading a great book,,,,,synthetic
organic_003,2026-03-17T06:36:39.825238+00:00,Just finished reading a great book,,,,,synthetic
organic_007,2026-03-17T06:41:41.702708+00:00,New album is fire honestly,,life,,,synthetic
organic_013,2026-03-17T06:55:31.991215+00:00,Happy birthday to my amazing friend!,,,,,synthetic
coord_g1_01,2026-03-17T07:22:05.700808+00:00,Millions of illegals flooding in and nobody cares,,,,,synthetic
organic_003,2026-03-17T07:23:07.096119+00:00,Anyone watching the game tonight?,,,,,synthetic
organic_002,2026-03-17T07:25:15.431269+00:00,Just finished reading a great book,,,,,synthetic
organic_019,2026-03-17T08:18:45.061688+00:00,Monday mood: need more coffee,,,,,synthetic
organic_019,2026-03-17T08:23:26.084010+00:00,This recipe turned out amazing,,,,,synthetic
organic_007,2026-03-17T08:49:06.674343+00:00,Trying a new workout routine this week,,,,,synthetic
coord_g1_01,2026-03-17T08:51:38.679723+00:00,They want cheap labor and don't care about you,,,,,synthetic
organic_007,2026-03-17T08:55:06.386945+00:00,Just finished reading a great book,,life,,,synthetic
organic_014,2026-03-17T09:28:16.911353+00:00,Great discussion at today's meetup,,,,,synthetic
organic_008,2026-03-17T09:30:59.648745+00:00,Happy birthday to my amazing friend!,,,,,synthetic
organic_002,2026-03-17T09:31:27.986225+00:00,Traffic is terrible today,,,,,synthetic
organic_008,2026-03-17T09:31:39.973755+00:00,Trying a new workout routine this week,,life,,,synthetic
organic_000,2026-03-17T09:37:40.531693+00:00,New album is fire honestly,,,,,synthetic
organic_010,2026-03-17T09:51:32.439171+00:00,Trying a new workout routine this week,,,,,synthetic
organic_014,2026-03-17T10:08:42.235801+00:00,Traffic is terrible today,,,,,synthetic
organic_007,2026-03-17T10:40:02.438863+00:00,Beautiful sunset today,,,,,synthetic
organic_009,2026-03-17T11:01:54.194625+00:00,Congratulations to the team!,,,,,synthetic
organic_004,2026-03-17T11:01:55.404706+00:00,Just finished reading a great book,,,,,synthetic
organic_000,2026-03-17T11:07:58.987278+00:00,Happy birthday to my amazing friend!,,vibes,,,synthetic
coord_g1_03,2026-03-17T11:49:06.528011+00:00,Wake up and share this with everyone you know,,,,,synthetic
organic_004,2026-03-17T11:53:04.603249+00:00,Trying a new workout routine this week,,,,,synthetic
organic_004,2026-03-17T12:03:41.167007+00:00,Monday mood: need more coffee,,,,,synthetic
organic_009,2026-03-17T12:04:48.505227+00:00,Trying a new workout routine this week,,,,,synthetic
organic_021,2026-03-17T12:26:08.592957+00:00,Just finished reading a great book,,,,,synthetic
organic_008,2026-03-17T12:29:54.333768+00:00,This weather is perfect for a hike,,,,,synthetic
organic_012,2026-03-17T13:11:17.509583+00:00,Monday mood: need more coffee,,,,,synthetic
organic_001,2026-03-17T13:13:36.314475+00:00,Monday mood: need more coffee,,,,,synthetic
coord_g0_01,2026-03-17T13:14:38.265010+00:00,Can't believe more people aren't talking about this,,,,,synthetic
organic_010,2026-03-17T13:54:07.697988+00:00,Beautiful sunset today,,,,,synthetic
organic_003,2026-03-17T14:00:11.366819+00:00,Can't wait for the weekend,,goals,,,synthetic
organic_009,2026-03-17T14:51:15.514683+00:00,Beautiful sunset today,,,,,synthetic
coord_g1_02,2026-03-17T14:54:22.885886+00:00,They don't want you to know the truth,https://truthnews247.com/article/2096,sharetruth,,,synthetic
coord_g1_00,2026-03-17T14:58:20.660909+00:00,This is really important please share widely,,sharetruth,coord_g1_03,,synthetic
coord_g1_01,2026-03-17T14:58:52.074378+00:00,Millions of illegals flooding in and nobody cares,https://uncensored-report.com/6526,,coord_g1_02,,synthetic
coord_g1_03,2026-03-17T14:59:53.925442+00:00,Crime rates skyrocketing in border states,https://patriotwatch.net/breaking/3455,"resist,immigrationtruth",,coord_g1_01,synthetic
organic_010,2026-03-17T15:02:52.714421+00:00,New album is fire honestly,,,,,synthetic
coord_g1_03,2026-03-17T15:11:43.387568+00:00,The mainstream media won't cover this story,,immigrationtruth,,,synthetic
organic_000,2026-03-17T15:47:20.320477+00:00,This weather is perfect for a hike,,,,,synthetic
organic_016,2026-03-17T15:54:29.077679+00:00,Congratulations to the team!,,love,,,synthetic
organic_018,2026-03-17T16:34:10.186504+00:00,Trying a new workout routine this week,,,,,synthetic
organic_021,2026-03-17T17:25:27.567429+00:00,Traffic is terrible today,,,,,synthetic
organic_008,2026-03-17T17:33:53.651314+00:00,Can't wait for the weekend,,love,,,synthetic
coord_g0_03,2026-03-17T17:58:04.810317+00:00,Millions of illegals flooding in and nobody cares,https://freedomdaily.org/expose/1339,,coord_g0_01,,synthetic
coord_g0_01,2026-03-17T18:01:18.437656+00:00,Another day another cover up by the elites,https://truthnews247.com/article/6777,"immigrationtruth,wakeup,climatetruth",,,synthetic
coord_g0_02,2026-03-17T18:02:06.969185+00:00,Crime rates skyrocketing in border states,,"climatetruth,breaking",,,synthetic
coord_g0_00,2026-03-17T18:03:54.639067+00:00,Can't believe more people aren't talking about this,,"wakeup,immigrationtruth",,coord_g0_02,synthetic
organic_015,2026-03-17T18:04:06.430804+00:00,Congratulations to the team!,,,,,synthetic
organic_018,2026-03-17T19:31:57.233746+00:00,This weather is perfect for a hike,,,,,synthetic
organic_004,2026-03-17T19:40:34.540881+00:00,This weather is perfect for a hike,,,,,synthetic
organic_008,2026-03-17T19:51:14.971433+00:00,Looking forward to vacation next month,,,,,synthetic
organic_015,2026-03-17T20:01:06.254947+00:00,Beautiful sunset today,,love,,,synthetic
organic_000,2026-03-17T20:55:32.496030+00:00,Great discussion at today's meetup,,,,,synthetic
organic_017,2026-03-17T20:57:19.788953+00:00,This recipe turned out amazing,,,,,synthetic
organic_010,2026-03-17T21:06:39.513499+00:00,Trying a new workout routine this week,,,,,synthetic
organic_004,2026-03-17T21:09:28.621479+00:00,Monday mood: need more coffee,,,,,synthetic
organic_004,2026-03-17T21:13:43.343017+00:00,Congratulations to the team!,,,,,synthetic
organic_009,2026-03-17T21:19:12.324936+00:00,New album is fire honestly,,,,,synthetic
organic_020,2026-03-17T21:20:02.668720+00:00,Anyone watching the game tonight?,,,,,synthetic
organic_002,2026-03-17T21:25:19.154972+00:00,New album is fire honestly,,,,,synthetic
organic_004,2026-03-17T22:01:36.853744+00:00,Happy birthday to my amazing friend!,,,,,synthetic
organic_008,2026-03-17T22:25:01.044999+00:00,Just finished reading a great book,,life,,,synthetic
coord_g1_03,2026-03-17T22:51:35.940398+00:00,They don't want you to know the truth,,,,,synthetic
organic_015,2026-03-17T23:15:00.883395+00:00,New album is fire honestly,,,,,synthetic
organic_019,2026-03-17T23:23:08.286780+00:00,This weather is perfect for a hike,,,,,synthetic
coord_g0_03,2026-03-17T23:24:41.827429+00:00,Open borders are destroying our communities,,,,,synthetic
organic_011,2026-03-17T23:30:52.205559+00:00,New album is fire honestly,,,,,synthetic
organic_016,2026-03-17T23:36:30.549313+00:00,Monday mood: need more coffee,,,,,synthetic
organic_020,2026-03-17T23:56:43.857100+00:00,Traffic is terrible today,,life,,,synthetic
organic_002,2026-03-17T23:57:45.656910+00:00,Anyone watching the game tonight?,,,,,synthetic
organic_011,2026-03-18T00:26:39.552019+00:00,Can't wait for the weekend,,goals,,,synthetic
coord_g1_00,2026-03-18T00:52:59.584041+00:00,Another day another cover up by the elites,,,,,synthetic
organic_002,2026-03-18T01:46:01.701572+00:00,Congratulations to the team!,,,,,synthetic
organic_000,2026-03-18T01:56:40.573178+00:00,Just had the best coffee at this new place downtown,,,,,synthetic
organic_012,2026-03-18T02:04:04.884131+00:00,Trying a new workout routine this week,,,,,synthetic
organic_021,2026-03-18T02:18:18.532828+00:00,Just finished reading a great book,,,,,synthetic
organic_019,2026-03-18T02:20:24.311873+00:00,New album is fire honestly,,,,,synthetic
organic_021,2026-03-18T02:20:57.528814+00:00,Happy birthday to my amazing friend!,,,,,synthetic
organic_015,2026-03-18T02:27:16.719979+00:00,This weather is perfect for a hike,,,,,synthetic
organic_012,2026-03-18T02:27:19.022957+00:00,Traffic is terrible today,,,,,synthetic
organic_014,2026-03-18T02:29:04.270756+00:00,This recipe turned out amazing,,,,,synthetic
organic_014,2026-03-18T02:51:06.344783+00:00,Beautiful sunset today,,,,,synthetic
organic_009,2026-03-18T03:11:57.136559+00:00,Beautiful sunset today,,,,,synthetic
organic_005,2026-03-18T03:14:31.776242+00:00,Trying a new workout routine this week,,,,,synthetic
organic_016,2026-03-18T03:25:46.830130+00:00,Anyone watching the game tonight?,,,,,synthetic
coord_g1_00,2026-03-18T03:50:15.158558+00:00,The mainstream media won't cover this story,,,,,synthetic
organic_004,2026-03-18T04:43:52.643528+00:00,New album is fire honestly,,,,,synthetic
organic_019,2026-03-18T04:49:21.716156+00:00,Traffic is terrible today,,,,,synthetic
organic_020,2026-03-18T04:54:46.348165+00:00,Traffic is terrible today,,,,,synthetic
organic_016,2026-03-18T05:20:04.115977+00:00,Congratulations to the team!,,love,,,synthetic
coord_g1_00,2026-03-18T05:44:57.819212+00:00,Something big is about to happen stay alert,,technologytruth,,,synthetic
organic_010,2026-03-18T05:57:03.724428+00:00,Trying a new workout routine this week,,life,,,synthetic
organic_001,2026-03-18T06:00:11.924013+00:00,Just finished reading a great book,,vibes,,,synthetic
coord_g1_03,2026-03-18T06:01:33.873875+00:00,Crime rates skyrocketing in border states,https://patriotwatch.net/breaking/1212,"sharetruth,resist",,coord_g1_02,synthetic
coord_g1_01,2026-03-18T06:02:36.497493+00:00,This is really important please share widely,https://freedomdaily.org/expose/5549,technologytruth,,,synthetic
coord_g1_00,2026-03-18T06:03:00.238572+00:00,Wake up and share this with everyone you know,,,,,synthetic
coord_g1_02,2026-03-18T06:03:51.748391+00:00,The mainstream media won't cover this story,https://truthnews247.com/article/6789,,,,synthetic
organic_008,2026-03-18T06:05:35.124180+00:00,Can't wait for the weekend,,,,,synthetic
coord_g0_00,2026-03-18T06:15:10.824095+00:00,Open borders are destroying our communities,https://patriotwatch.net/breaking/2792,,,,synthetic
coord_g0_02,2026-03-18T06:15:34.463225+00:00,Crime rates skyrocketing in border states,,,,,synthetic
coord_g0_01,2026-03-18T06:16:40.419963+00:00,Can't believe more people aren't talking about this,,"resist,breaking,climatetruth",,,synthetic
coord_g0_03,2026-03-18T06:16:58.715537+00:00,Millions of illegals flooding in and nobody cares,,,,coord_g0_00,synthetic
organic_003,2026-03-18T06:20:19.852064+00:00,New album is fire honestly,,,,,synthetic
organic_010,2026-03-18T06:25:57.399786+00:00,Just finished reading a great book,,,,,synthetic
organic_003,2026-03-18T06:50:30.755879+00:00,Anyone watching the game tonight?,,,,,synthetic
organic_003,2026-03-18T06:59:33.060164+00:00,Monday mood: need more coffee,,,,,synthetic
coord_g1_01,2026-03-18T07:15:06.250765+00:00,This is really important please share widely,,,,,synthetic
organic_010,2026-03-18T07:30:32.378594+00:00,Anyone watching the game tonight?,,,,,synthetic
organic_009,2026-03-18T07:57:58.326955+00:00,New album is fire honestly,,,,,synthetic
organic_013,2026-03-18T08:01:20.200021+00:00,Can't wait for the weekend,,love,,,synthetic
organic_006,2026-03-18T08:13:34.614114+00:00,Traffic is terrible today,,,,,synthetic
organic_006,2026-03-18T08:25:20.695841+00:00,Anyone watching the game tonight?,,,,,synthetic
coord_g1_00,2026-03-18T08:34:35.328601+00:00,This is really important please share widely,,,,,synthetic
organic_011,2026-03-18T08:38:11.428038+00:00,Looking forward to vacation next month,,,,,synthetic
organic_005,2026-03-18T08:38:48.689143+00:00,New album is fire honestly,,,,,synthetic
organic_016,2026-03-18T09:24:02.576845+00:00,This weather is perfect for a hike,,,,,synthetic
organic_010,2026-03-18T09:50:37.244985+00:00,Beautiful sunset today,,,,,synthetic
organic_014,2026-03-18T10:00:00.707079+00:00,Can't wait for the weekend,,,,,synthetic
organic_008,2026-03-18T10:13:07.683606+00:00,Just finished reading a great book,,,,,synthetic
organic_020,2026-03-18T10:17:17.762109+00:00,New album is fire honestly,,,,,synthetic
organic_002,2026-03-18T10:20:12.285601+00:00,New album is fire honestly,,,,,synthetic
organic_004,2026-03-18T11:43:28.864349+00:00,Great discussion at today's meetup,,,,,synthetic
organic_012,2026-03-18T11:45:24.136799+00:00,Beautiful sunset today,,love,,,synthetic
organic_005,2026-03-18T11:54:04.687313+00:00,Traffic is terrible today,,,,,synthetic
organic_011,2026-03-18T11:59:52.031777+00:00,Monday mood: need more coffee,,,,,synthetic
organic_006,2026-03-18T11:59:57.949746+00:00,This weather is perfect for a hike,,,,,synthetic
organic_016,2026-03-18T12:17:57.476188+00:00,Can't wait for the weekend,,,,,synthetic
coord_g1_01,2026-03-18T12:33:24.622770+00:00,Wake up and share this with everyone you know,,"technologytruth,immigrationtruth",,,synthetic
organic_008,2026-03-18T12:46:37.727067+00:00,Congratulations to the team!,,,,,synthetic
organic_014,2026-03-18T13:32:00.191222+00:00,Can't wait for the weekend,,,,,synthetic
organic_005,2026-03-18T13:33:29.118201+00:00,Traffic is terrible today,,,,,synthetic
organic_010,2026-03-18T13:38:53.637320+00:00,Beautiful sunset today,,,,,synthetic
organic_008,2026-03-18T14:16:49.353108+00:00,Monday mood: need more coffee,,,,,synthetic
coord_g0_00,2026-03-18T14:18:26.994017+00:00,They want cheap labor and don't care about you,,,,,synthetic
coord_g0_01,2026-03-18T14:19:08.993940+00:00,Wake up and share this with everyone you know,https://freedomdaily.org/expose/8935,,,coord_g0_00,synthetic
coord_g0_02,2026-03-18T14:20:42.559717+00:00,This is really important please share widely,,,,,synthetic
coord_g0_02,2026-03-18T14:20:44.078360+00:00,Can't believe more people aren't talking about this,https://truthnews247.com/article/2544,"resist,breaking",,,synthetic
coord_g0_03,2026-03-18T14:22:25.776697+00:00,This is really important please share widely,https://patriotwatch.net/breaking/2792,"resist,wakeup,climatetruth",,,synthetic
coord_g1_03,2026-03-18T14:46:00.920500+00:00,Crime rates skyrocketing in border states,,,,,synthetic
coord_g0_03,2026-03-18T14:52:04.056996+00:00,Crime rates skyrocketing in border states,,,,,synthetic
organic_021,2026-03-18T14:56:07.618254+00:00,This recipe turned out amazing,,,,,synthetic
coord_g0_00,2026-03-18T15:03:30.477900+00:00,Can't believe more people aren't talking about this,https://patriotwatch.net/breaking/5055,,,,synthetic
coord_g0_01,2026-03-18T15:05:08.915071+00:00,Open borders are destroying our communities,https://truthnews247.com/article/6777,"immigrationtruth,climatetruth",,,synthetic
organic_009,2026-03-18T15:05:19.759964+00:00,Looking forward to vacation next month,,,,,synthetic
coord_g0_03,2026-03-18T15:05:31.718564+00:00,Millions of illegals flooding in and nobody cares,https://patriotwatch.net/breaking/3323,,,,synthetic
coord_g0_02,2026-03-18T15:09:22.494165+00:00,Another day another cover up by the elites,,climatetruth,,,synthetic
coord_g1_00,2026-03-18T15:14:24.331744+00:00,They want cheap labor and don't care about you,,,,,synthetic
organic_013,2026-03-18T15:27:10.071923+00:00,This weather is perfect for a hike,,,,,synthetic
coord_g1_00,2026-03-18T15:29:34.729195+00:00,Another day another cover up by the elites,https://patriotwatch.net/breaking/3830,,,,synthetic
coord_g1_02,2026-03-18T15:34:47.283889+00:00,Open borders are destroying our communities,,technologytruth,,,synthetic
coord_g1_03,2026-03-18T15:35:16.608783+00:00,Open borders are destroying our communities,https://uncensored-report.com/8810,,,,synthetic
coord_g1_01,2026-03-18T15:35:57.909745+00:00,Can't believe more people aren't talking about this,,"immigrationtruth,sharetruth",,,synthetic
organic_009,2026-03-18T15:55:09.617501+00:00,Happy birthday to my amazing friend!,,,,,synthetic
organic_004,2026-03-18T16:16:10.248601+00:00,Just finished reading a great book,,,,,synthetic
organic_019,2026-03-18T16:20:04.807993+00:00,New album is fire honestly,,,,,synthetic
coord_g0_03,2026-03-18T16:30:41.824545+00:00,Open borders are destroying our communities,,,,,synthetic
coord_g0_01,2026-03-18T16:50:44.236045+00:00,This is really important please share widely,,climatetruth,,,synthetic
organic_017,2026-03-18T17:15:40.432332+00:00,Beautiful sunset today,,,,,synthetic
coord_g0_01,2026-03-18T17:22:58.718395+00:00,They want cheap labor and don't care about you,https://patriotwatch.net/breaking/1016,"breaking,wakeup,immigrationtruth",,,synthetic
coord_g0_03,2026-03-18T17:24:05.551082+00:00,This is really important please share widely,https://patriotwatch.net/breaking/2792,"wakeup,resist,climatetruth",,,synthetic
coord_g0_00,2026-03-18T17:24:51.829620+00:00,Crime rates skyrocketing in border states,,,,,synthetic
coord_g0_02,2026-03-18T17:27:29.600741+00:00,Crime rates skyrocketing in border states,https://freedomdaily.org/expose/1339,"resist,immigrationtruth,climatetruth",,,synthetic
organic_011,2026-03-18T17:42:33.136110+00:00,Looking forward to vacation next month,,goals,,,synthetic
organic_007,2026-03-18T17:50:14.599218+00:00,Anyone watching the game tonight?,,,,,synthetic
organic_000,2026-03-18T17:56:51.723934+00:00,Happy birthday to my amazing friend!,,,,,synthetic
organic_001,2026-03-18T18:01:47.694957+00:00,Monday mood: need more coffee,,,,,synthetic
coord_g1_02,2026-03-18T18:11:41.415878+00:00,Can't believe more people aren't talking about this,,,,,synthetic
organic_019,2026-03-18T18:48:40.478628+00:00,Anyone watching the game tonight?,,,,,synthetic
coord_g0_02,2026-03-18T19:22:16.394025+00:00,Can't believe more people aren't talking about this,,,,,synthetic
organic_000,2026-03-18T19:23:30.592011+00:00,Trying a new workout routine this week,,,,,synthetic
organic_014,2026-03-18T19:36:53.854531+00:00,Traffic is terrible today,,,,,synthetic
organic_000,2026-03-18T19:53:05.071830+00:00,Traffic is terrible today,,,,,synthetic
organic_008,2026-03-18T20:07:32.068275+00:00,New album is fire honestly,,,,,synthetic
coord_g0_01,2026-03-18T20:12:57.920856+00:00,Crime rates skyrocketing in border states,https://uncensored-report.com/8415,"wakeup,resist",,,synthetic
organic_003,2026-03-18T20:15:31.407531+00:00,Traffic is terrible today,,,,,synthetic
coord_g0_00,2026-03-18T20:16:44.467364+00:00,Open borders are destroying our communities,,,,,synthetic
coord_g0_03,2026-03-18T20:19:44.759694+00:00,Something big is about to happen stay alert,https://truthnews247.com/article/8775,"climatetruth,breaking,immigrationtruth",,,synthetic
coord_g0_00,2026-03-18T20:21:14.379039+00:00,This is really important please share widely,,immigrationtruth,,,synthetic
coord_g0_02,2026-03-18T20:21:26.840205+00:00,They want cheap labor and don't care about you,,"breaking,resist,immigrationtruth",,,synthetic
organic_004,2026-03-18T20:57:48.484009+00:00,New album is fire honestly,,,,,synthetic
organic_012,2026-03-18T21:20:28.020903+00:00,This weather is perfect for a hike,,,,,synthetic
organic_002,2026-03-18T21:36:34.035092+00:00,Beautiful sunset today,,,,,synthetic
organic_011,2026-03-18T21:46:47.325134+00:00,Traffic is terrible today,,love,,,synthetic
coord_g1_00,2026-03-18T22:12:30.554561+00:00,Crime rates skyrocketing in border states,,,,,synthetic
organic_018,2026-03-18T22:24:33.083705+00:00,This weather is perfect for a hike,,,,,synthetic
organic_013,2026-03-18T22:25:29.352967+00:00,New album is fire honestly,,vibes,,,synthetic
organic_004,2026-03-18T22:28:19.117275+00:00,Just had the best coffee at this new place downtown,,,,,synthetic
coord_g1_01,2026-03-18T22:31:31.875948+00:00,Another day another cover up by the elites,,"technologytruth,immigrationtruth,sharetruth",,,synthetic
coord_g1_00,2026-03-18T22:32:22.975108+00:00,Wake up and share this with everyone you know,,immigrationtruth,,,synthetic
coord_g1_03,2026-03-18T22:32:23.987338+00:00,Can't believe more people aren't talking about this,https://freedomdaily.org/expose/2996,"technologytruth,resist",,,synthetic
coord_g1_02,2026-03-18T22:34:06.084098+00:00,Wake up and share this with everyone you know,https://patriotwatch.net/breaking/8617,immigrationtruth,,,synthetic
coord_g1_02,2026-03-18T22:36:11.126038+00:00,Wake up and share this with everyone you know,,,,,synthetic
organic_007,2026-03-18T23:45:26.361340+00:00,New album is fire honestly,,life,,,synthetic
organic_014,2026-03-18T23:48:44.519735+00:00,Looking forward to vacation next month,,,,,synthetic
organic_000,2026-03-19T00:05:03.021870+00:00,This recipe turned out amazing,,,,,synthetic
organic_001,2026-03-19T00:21:06.220855+00:00,Traffic is terrible today,,,,,synthetic
organic_000,2026-03-19T00:27:29.589544+00:00,Just had the best coffee at this new place downtown,,,,,synthetic
organic_014,2026-03-19T00:30:13.259042+00:00,Great discussion at today's meetup,,,,,synthetic
coord_g1_01,2026-03-19T00:31:30.107194+00:00,Open borders are destroying our communities,,"sharetruth,sharetruth",,,synthetic
coord_g1_00,2026-03-19T00:32:04.526066+00:00,The mainstream media won't cover this story,,technologytruth,,,synthetic
coord_g1_03,2026-03-19T00:34:15.220966+00:00,Millions of illegals flooding in and nobody cares,https://freedomdaily.org/expose/8028,"immigrationtruth,sharetruth,sharetruth",,,synthetic
coord_g1_02,2026-03-19T00:36:37.606615+00:00,Crime rates skyrocketing in border states,https://uncensored-report.com/6526,,,,synthetic
organic_013,2026-03-19T01:01:00.963822+00:00,Just had the best coffee at this new place downtown,,,,,synthetic
organic_017,2026-03-19T01:28:22.641267+00:00,Just had the best coffee at this new place downtown,,,,,synthetic
coord_g1_01,2026-03-19T02:28:31.980413+00:00,Millions of illegals flooding in and nobody cares,,,,,synthetic
coord_g1_03,2026-03-19T02:42:18.930514+00:00,Millions of illegals flooding in and nobody cares,,technologytruth,,,synthetic
organic_005,2026-03-19T03:00:39.351524+00:00,Just finished reading a great book,,,,,synthetic
organic_005,2026-03-19T03:47:04.634217+00:00,Looking forward to vacation next month,,,,,synthetic
organic_008,2026-03-19T03:53:49.176623+00:00,Looking forward to vacation next month,,vibes,,,synthetic
organic_007,2026-03-19T04:32:34.504802+00:00,Traffic is terrible today,,,,,synthetic
coord_g0_03,2026-03-19T04:50:45.101704+00:00,They want cheap labor and don't care about you,,immigrationtruth,,,synthetic
coord_g0_02,2026-03-19T05:04:29.274813+00:00,Millions of illegals flooding in and nobody cares,,,,,synthetic
organic_007,2026-03-19T05:14:24.337654+00:00,New album is fire honestly,,,,,synthetic
coord_g0_00,2026-03-19T05:15:52.361458+00:00,Something big is about to happen stay alert,,,,,synthetic
organic_006,2026-03-19T05:32:54.976732+00:00,Anyone watching the game tonight?,,,,,synthetic
organic_011,2026-03-19T05:45:51.428684+00:00,Beautiful sunset today,,,,,synthetic
organic_009,2026-03-19T05:51:07.341146+00:00,Just had the best coffee at this new place downtown,,,,,synthetic
organic_012,2026-03-19T06:00:06.181299+00:00,Traffic is terrible today,,,,,synthetic
coord_g1_01,2026-03-19T06:01:55.129655+00:00,Something big is about to happen stay alert,,,,,synthetic
coord_g1_02,2026-03-19T06:10:00.157561+00:00,Can't believe more people aren't talking about this,,,,,synthetic
organic_017,2026-03-19T06:18:13.267500+00:00,New album is fire honestly,,,,,synthetic
organic_015,2026-03-19T06:23:46.511225+00:00,Looking forward to vacation next month,,,,,synthetic
organic_004,2026-03-19T06:25:39.171074+00:00,Anyone watching the game tonight?,,,,,synthetic
organic_016,2026-03-19T06:33:13.579724+00:00,Looking forward to vacation next month,,,,,synthetic
organic_016,2026-03-19T07:19:51.594853+00:00,Anyone watching the game tonight?,,,,,synthetic
organic_013,2026-03-19T07:43:15.084019+00:00,Just finished reading a great book,,vibes,,,synthetic
organic_005,2026-03-19T07:52:19.607414+00:00,Just finished reading a great book,,life,,,synthetic
organic_006,2026-03-19T08:05:28.511280+00:00,Congratulations to the team!,,,,,synthetic
organic_010,2026-03-19T09:10:09.931487+00:00,Looking forward to vacation next month,,mood,,,synthetic
organic_018,2026-03-19T09:19:46.318765+00:00,New album is fire honestly,,,,,synthetic
organic_002,2026-03-19T09:28:40.094811+00:00,Anyone watching the game tonight?,,,,,synthetic
organic_001,2026-03-19T09:36:35.279621+00:00,This recipe turned out amazing,,,,,synthetic
organic_006,2026-03-19T10:12:34.899601+00:00,Just had the best coffee at this new place downtown,,,,,synthetic
organic_011,2026-03-19T10:16:18.879001+00:00,Just had the best coffee at this new place downtown,,,,,synthetic
organic_003,2026-03-19T10:26:30.719428+00:00,Just had the best coffee at this new place downtown,,,,,synthetic
organic_012,2026-03-19T11:21:12.923627+00:00,Beautiful sunset today,,,,,synthetic
organic_013,2026-03-19T11:37:20.480782+00:00,Happy birthday to my amazing friend!,,,,,synthetic
organic_001,2026-03-19T11:40:58.007495+00:00,Great discussion at today's meetup,,,,,synthetic
coord_g1_03,2026-03-19T11:47:23.799116+00:00,The mainstream media won't cover this story,,"resist,immigrationtruth",,,synthetic
coord_g0_01,2026-03-19T12:16:14.152170+00:00,Wake up and share this with everyone you know,,,,,synthetic
organic_014,2026-03-19T12:24:15.568029+00:00,Happy birthday to my amazing friend!,,,,,synthetic
organic_008,2026-03-19T12:26:27.494085+00:00,Trying a new workout routine this week,,,,,synthetic
organic_008,2026-03-19T12:48:24.841611+00:00,Looking forward to vacation next month,,,,,synthetic
organic_001,2026-03-19T13:10:23.275887+00:00,Monday mood: need more coffee,,,,,synthetic
coord_g0_00,2026-03-19T13:21:39.576293+00:00,This is really important please share widely,,"immigrationtruth,breaking",,,synthetic
organic_002,2026-03-19T13:24:54.180372+00:00,This recipe turned out amazing,,,,,synthetic
organic_016,2026-03-19T13:26:49.091916+00:00,Beautiful sunset today,,,,,synthetic
organic_018,2026-03-19T13:54:30.761582+00:00,Happy birthday to my amazing friend!,,,,,synthetic
organic_016,2026-03-19T14:08:19.823540+00:00,This recipe turned out amazing,,,,,synthetic
organic_014,2026-03-19T14:11:16.077361+00:00,This weather is perfect for a hike,,,,,synthetic
organic_021,2026-03-19T14:27:04.671836+00:00,Beautiful sunset today,,,,,synthetic
coord_g1_00,2026-03-19T14:30:35.762827+00:00,The mainstream media won't cover this story,,,,,synthetic
organic_009,2026-03-19T14:53:58.664375+00:00,Congratulations to the team!,,,,,synthetic
organic_001,2026-03-19T14:58:54.368127+00:00,Monday mood: need more coffee,,goals,,,synthetic
coord_g1_02,2026-03-19T15:16:56.380888+00:00,Something big is about to happen stay alert,,resist,,,synthetic
coord_g1_03,2026-03-19T15:38:05.989738+00:00,Wake up and share this with everyone you know,,,,,synthetic
coord_g0_01,2026-03-19T15:49:47.575861+00:00,Another day another cover up by the elites,,"wakeup,breaking",,,synthetic
coord_g0_00,2026-03-19T16:12:59.987419+00:00,Can't believe more people aren't talking about this,,,,,synthetic
coord_g1_01,2026-03-19T16:15:12.204039+00:00,Open borders are destroying our communities,https://uncensored-report.com/1228,"sharetruth,resist",,,synthetic
coord_g1_03,2026-03-19T16:16:20.432970+00:00,Millions of illegals flooding in and nobody cares,,"immigrationtruth,resist",,,synthetic
coord_g1_02,2026-03-19T16:19:29.312413+00:00,Open borders are destroying our communities,https://realfacts.blog/post/8984,,,,synthetic
organic_012,2026-03-19T16:22:08.007363+00:00,Trying a new workout routine this week,,,,,synthetic
coord_g1_00,2026-03-19T16:22:55.688498+00:00,The mainstream media won't cover this story,,,,,synthetic
coord_g1_02,2026-03-19T16:52:16.103756+00:00,The mainstream media won't cover this story,,"technologytruth,sharetruth",,,synthetic
organic_015,2026-03-19T16:53:27.511331+00:00,Great discussion at today's meetup,,,,,synthetic
organic_003,2026-03-19T16:59:10.195184+00:00,Happy birthday to my amazing friend!,,,,,synthetic
coord_g0_01,2026-03-19T17:37:17.186965+00:00,They want cheap labor and don't care about you,,,,,synthetic
organic_008,2026-03-19T18:00:14.491645+00:00,Great discussion at today's meetup,,,,,synthetic
organic_000,2026-03-19T18:06:00.358621+00:00,This recipe turned out amazing,,,,,synthetic
coord_g0_00,2026-03-19T18:12:22.072581+00:00,Can't believe more people aren't talking about this,,"breaking,wakeup",coord_g0_02,,synthetic
coord_g0_02,2026-03-19T18:12:58.906110+00:00,Another day another cover up by the elites,https://truthnews247.com/article/8775,,,,synthetic
coord_g0_01,2026-03-19T18:14:15.886765+00:00,They want cheap labor and don't care about you,https://realfacts.blog/post/7722,"resist,immigrationtruth,climatetruth",,,synthetic
coord_g0_03,2026-03-19T18:15:53.576594+00:00,Open borders are destroying our communities,,breaking,,,synthetic
organic_018,2026-03-19T18:33:05.981329+00:00,Anyone watching the game tonight?,,,,,synthetic
organic_010,2026-03-19T18:35:23.152883+00:00,This recipe turned out amazing,,,,,synthetic
organic_014,2026-03-19T18:44:12.198236+00:00,Trying a new workout routine this week,,,,,synthetic
organic_006,2026-03-19T18:48:44.358248+00:00,Beautiful sunset today,,,,,synthetic
organic_005,2026-03-19T18:59:53.400968+00:00,Trying a new workout routine this week,,,,,synthetic
organic_001,2026-03-19T19:13:55.654112+00:00,Monday mood: need more coffee,,,,,synthetic
coord_g0_02,2026-03-19T19:15:37.625109+00:00,The mainstream media won't cover this story,https://freedomdaily.org/expose/3741,wakeup,,,synthetic
coord_g0_00,2026-03-19T19:17:23.460528+00:00,The mainstream media won't cover this story,https://freedomdaily.org/expose/5216,wakeup,,,synthetic
coord_g0_01,2026-03-19T19:18:43.785041+00:00,Something big is about to happen stay alert,https://truthnews247.com/article/3730,"breaking,resist,immigrationtruth",,,synthetic
organic_009,2026-03-19T19:19:45.406345+00:00,New album is fire honestly,,,,,synthetic
organic_007,2026-03-19T19:22:03.471360+00:00,Monday mood: need more coffee,,,,,synthetic
coord_g0_03,2026-03-19T19:23:13.440454+00:00,Something big is about to happen stay alert,https://realfacts.blog/post/9606,,,,synthetic
organic_012,2026-03-19T19:37:22.993261+00:00,Great discussion at today's meetup,,,,,synthetic
organic_009,2026-03-19T19:40:55.387566+00:00,Anyone watching the game tonight?,,life,,,synthetic
organic_018,2026-03-19T19:43:47.575163+00:00,This recipe turned out amazing,,,,,synthetic
organic_011,2026-03-19T20:00:40.020624+00:00,Happy birthday to my amazing friend!,,,,,synthetic
coord_g1_00,2026-03-19T20:03:24.621715+00:00,Open borders are destroying our communities,,,,,synthetic
organic_004,2026-03-19T20:29:17.943414+00:00,Monday mood: need more coffee,,,,,synthetic
organic_009,2026-03-19T20:42:39.626626+00:00,This weather is perfect for a hike,,,,,synthetic
coord_g1_01,2026-03-19T20:44:45.721207+00:00,This is really important please share widely,,technologytruth,,,synthetic
organic_018,2026-03-19T20:58:14.828941+00:00,Just finished reading a great book,,,,,synthetic
organic_020,2026-03-19T21:09:53.588794+00:00,Anyone watching the game tonight?,,vibes,,,synthetic
organic_014,2026-03-19T21:19:49.035111+00:00,Monday mood: need more coffee,,,,,synthetic
organic_016,2026-03-19T21:59:26.455599+00:00,Monday mood: need more coffee,,,,,synthetic
coord_g1_00,2026-03-19T22:10:20.671691+00:00,Another day another cover up by the elites,,technologytruth,,,synthetic
organic_015,2026-03-19T22:15:59.871922+00:00,Trying a new workout routine this week,,,,,synthetic
organic_020,2026-03-19T22:30:59.569244+00:00,This recipe turned out amazing,,,,,synthetic
organic_007,2026-03-19T22:43:43.580183+00:00,Congratulations to the team!,,,,,synthetic
coord_g0_03,2026-03-19T22:56:55.560841+00:00,This is really important please share widely,,,,,synthetic
organic_012,2026-03-19T23:07:09.979083+00:00,Beautiful sunset today,,,,,synthetic
coord_g1_02,2026-03-19T23:12:05.283203+00:00,They don't want you to know the truth,https://patriotwatch.net/breaking/8596,"resist,immigrationtruth",,,synthetic
coord_g1_01,2026-03-19T23:14:43.750811+00:00,Something big is about to happen stay alert,,"resist,sharetruth,sharetruth",,,synthetic
coord_g1_00,2026-03-19T23:16:31.746063+00:00,Open borders are destroying our communities,https://patriotwatch.net/breaking/3455,immigrationtruth,,,synthetic
coord_g1_03,2026-03-19T23:17:04.029709+00:00,Open borders are destroying our communities,https://realfacts.blog/post/7544,"sharetruth,technologytruth,resist",,,synthetic
organic_010,2026-03-19T23:22:31.433413+00:00,Trying a new workout routine this week,,,,,synthetic
organic_006,2026-03-19T23:55:34.871406+00:00,Monday mood: need more coffee,,,,,synthetic
organic_003,2026-03-19T23:57:27.959444+00:00,Trying a new workout routine this week,,,,,synthetic
organic_009,2026-03-20T00:18:06.105744+00:00,Monday mood: need more coffee,,life,,,synthetic
organic_019,2026-03-20T00:21:42.687148+00:00,Traffic is terrible today,,fun,,,synthetic
organic_001,2026-03-20T00:37:47.451706+00:00,Trying a new workout routine this week,,,,,synthetic
organic_010,2026-03-20T00:42:49.431735+00:00,Can't wait for the weekend,,,,,synthetic
coord_g0_00,2026-03-20T00:46:56.388777+00:00,Open borders are destroying our communities,,,,,synthetic
organic_015,2026-03-20T00:51:07.721929+00:00,Can't wait for the weekend,,,,,synthetic
organic_012,2026-03-20T01:03:27.974160+00:00,This weather is perfect for a hike,,,,,synthetic
organic_008,2026-03-20T01:24:35.693234+00:00,Can't wait for the weekend,,,,,synthetic
organic_019,2026-03-20T02:10:33.850336+00:00,Trying a new workout routine this week,,,,,synthetic
organic_013,2026-03-20T03:40:19.278998+00:00,New album is fire honestly,,,,,synthetic
organic_011,2026-03-20T03:50:32.477297+00:00,Anyone watching the game tonight?,,,,,synthetic
organic_021,2026-03-20T03:56:18.211481+00:00,Just finished reading a great book,,,,,synthetic
organic_016,2026-03-20T04:01:28.995598+00:00,New album is fire honestly,,fun,,,synthetic
organic_011,2026-03-20T04:37:35.925195+00:00,Looking forward to vacation next month,,,,,synthetic
organic_001,2026-03-20T04:42:03.463139+00:00,Beautiful sunset today,,,,,synthetic
organic_001,2026-03-20T04:51:49.035767+00:00,Trying a new workout routine this week,,,,,synthetic
organic_000,2026-03-20T05:09:48.488317+00:00,Happy birthday to my amazing friend!,,,,,synthetic
organic_015,2026-03-20T05:29:21.376185+00:00,Monday mood: need more coffee,,,,,synthetic
organic_008,2026-03-20T05:34:22.516781+00:00,Can't wait for the weekend,,,,,synthetic
organic_011,2026-03-20T06:31:22.719164+00:00,Great discussion at today's meetup,,,,,synthetic
coord_g0_02,2026-03-20T07:31:32.189415+00:00,Something big is about to happen stay alert,,,,,synthetic
coord_g1_03,2026-03-20T07:34:27.035615+00:00,The mainstream media won't cover this story,https://patriotwatch.net/breaking/1212,,,,synthetic
coord_g1_02,2026-03-20T07:38:34.775109+00:00,Millions of illegals flooding in and nobody cares,https://uncensored-report.com/6526,,,,synthetic
coord_g1_01,2026-03-20T07:39:15.431058+00:00,They want cheap labor and don't care about you,https://truthnews247.com/article/6781,"immigrationtruth,sharetruth",,,synthetic
coord_g1_00,2026-03-20T07:39:23.600224+00:00,Open borders are destroying our communities,,,,,synthetic
coord_g0_02,2026-03-20T07:42:19.339454+00:00,Millions of illegals flooding in and nobody cares,,,,,synthetic
organic_019,2026-03-20T08:00:42.638424+00:00,Can't wait for the weekend,,,,,synthetic
organic_003,2026-03-20T08:01:03.210295+00:00,This weather is perfect for a hike,,,,,synthetic
organic_007,2026-03-20T08:04:00.836477+00:00,Monday mood: need more coffee,,,,,synthetic
organic_014,2026-03-20T08:32:29.685437+00:00,This recipe turned out amazing,,,,,synthetic
coord_g1_02,2026-03-20T08:38:51.808777+00:00,They want cheap labor and don't care about you,,sharetruth,,,synthetic
coord_g0_03,2026-03-20T08:58:51.866416+00:00,Something big is about to happen stay alert,,,,,synthetic
coord_g0_01,2026-03-20T08:58:54.301851+00:00,Crime rates skyrocketing in border states,,"climatetruth,wakeup",,,synthetic
coord_g0_03,2026-03-20T09:04:31.336815+00:00,They want cheap labor and don't care about you,https://realfacts.blog/post/6162,,,,synthetic
coord_g0_00,2026-03-20T09:05:22.832323+00:00,Can't believe more people aren't talking about this,,,coord_g0_02,,synthetic
coord_g0_02,2026-03-20T09:07:48.311255+00:00,The mainstream media won't cover this story,https://realfacts.blog/post/3320,"immigrationtruth,climatetruth",,,synthetic
organic_014,2026-03-20T09:17:30.420939+00:00,Looking forward to vacation next month,,,,,synthetic
organic_009,2026-03-20T09:44:35.055644+00:00,Happy birthday to my amazing friend!,,,,,synthetic
organic_013,2026-03-20T09:46:25.729466+00:00,Congratulations to the team!,,,,,synthetic
organic_012,2026-03-20T09:54:33.676674+00:00,Traffic is terrible today,,,,,synthetic
organic_020,2026-03-20T10:09:24.290615+00:00,Just had the best coffee at this new place downtown,,,,,synthetic
organic_016,2026-03-20T10:39:07.624137+00:00,New album is fire honestly,,,,,synthetic
organic_008,2026-03-20T10:41:46.650546+00:00,Great discussion at today's meetup,,,,,synthetic
organic_001,2026-03-20T10:59:24.351510+00:00,Just had the best coffee at this new place downtown,,,,,synthetic
coord_g0_01,2026-03-20T11:11:38.456670+00:00,They don't want you to know the truth,,"breaking,climatetruth",,,synthetic
coord_g0_02,2026-03-20T11:14:33.885098+00:00,This is really important please share widely,,"immigrationtruth,resist",,,synthetic
coord_g1_02,2026-03-20T11:25:30.181163+00:00,Open borders are destroying our communities,,,,,synthetic
organic_021,2026-03-20T11:44:25.682336+00:00,Monday mood: need more coffee,,,,,synthetic
organic_020,2026-03-20T11:59:41.635386+00:00,Anyone watching the game tonight?,,fun,,,synthetic
coord_g1_02,2026-03-20T12:06:33.152186+00:00,Crime rates skyrocketing in border states,,"sharetruth,immigrationtruth",,,synthetic
organic_016,2026-03-20T12:13:03.276713+00:00,Monday mood: need more coffee,,mood,,,synthetic
organic_002,2026-03-20T12:15:01.787671+00:00,Looking forward to vacation next month,,,,,synthetic
coord_g1_02,2026-03-20T12:16:11.267200+00:00,Crime rates skyrocketing in border states,https://realfacts.blog/post/8984,"immigrationtruth,technologytruth",,,synthetic
coord_g1_01,2026-03-20T12:19:39.447971+00:00,Wake up and share this with everyone you know,https://patriotwatch.net/breaking/1212,sharetruth,,,synthetic
organic_003,2026-03-20T12:19:45.806591+00:00,New album is fire honestly,,,,,synthetic
coord_g1_03,2026-03-20T12:20:53.489762+00:00,Crime rates skyrocketing in border states,https://patriotwatch.net/breaking/8408,"sharetruth,resist,sharetruth",,,synthetic
coord_g1_00,2026-03-20T12:22:53.841977+00:00,Millions of illegals flooding in and nobody cares,https://truthnews247.com/article/7410,"technologytruth,sharetruth,immigrationtruth",,,synthetic
coord_g1_01,2026-03-20T12:28:54.155195+00:00,Crime rates skyrocketing in border states,,technologytruth,,,synthetic
organic_000,2026-03-20T12:37:04.558099+00:00,Happy birthday to my amazing friend!,,,,,synthetic
coord_g0_00,2026-03-20T13:12:16.875609+00:00,They don't want you to know the truth,,,,,synthetic
coord_g0_00,2026-03-20T13:42:41.253591+00:00,Crime rates skyrocketing in border states,,,,,synthetic
organic_014,2026-03-20T14:06:09.464541+00:00,Anyone watching the game tonight?,,,,,synthetic
organic_001,2026-03-20T14:11:44.555514+00:00,New album is fire honestly,,,,,synthetic
organic_016,2026-03-20T14:13:43.654754+00:00,Beautiful sunset today,,,,,synthetic
organic_016,2026-03-20T14:31:11.702590+00:00,Anyone watching the game tonight?,,,,,synthetic
organic_011,2026-03-20T14:52:35.287400+00:00,Trying a new workout routine this week,,,,,synthetic
organic_003,2026-03-20T15:04:17.723910+00:00,This recipe turned out amazing,,,,,synthetic
coord_g0_01,2026-03-20T15:10:26.446022+00:00,Wake up and share this with everyone you know,,,,,synthetic
organic_011,2026-03-20T15:30:26.964501+00:00,Traffic is terrible today,,,,,synthetic
organic_010,2026-03-20T15:35:21.209218+00:00,This recipe turned out amazing,,,,,synthetic
organic_002,2026-03-20T15:46:47.480021+00:00,Just finished reading a great book,,,,,synthetic
organic_001,2026-03-20T16:12:53.243344+00:00,Traffic is terrible today,,,,,synthetic
organic_010,2026-03-20T16:18:08.453990+00:00,Just finished reading a great book,,,,,synthetic
organic_010,2026-03-20T16:21:49.358640+00:00,Just had the best coffee at this new place downtown,,,,,synthetic
organic_019,2026-03-20T16:32:11.761908+00:00,Can't wait for the weekend,,mood,,,synthetic
organic_010,2026-03-20T17:00:16.586887+00:00,This weather is perfect for a hike,,,,,synthetic
organic_005,2026-03-20T17:09:56.171838+00:00,Trying a new workout routine this week,,,,,synthetic
organic_011,2026-03-20T17:30:45.000092+00:00,Beautiful sunset today,,,,,synthetic
organic_008,2026-03-20T17:46:15.928080+00:00,Can't wait for the weekend,,,,,synthetic
organic_004,2026-03-20T17:56:35.852744+00:00,Can't wait for the weekend,,,,,synthetic
organic_020,2026-03-20T18:25:25.660338+00:00,Great discussion at today's meetup,,,,,synthetic
organic_008,2026-03-20T18:29:29.996396+00:00,New album is fire honestly,,goals,,,synthetic
organic_016,2026-03-20T18:30:34.368136+00:00,Traffic is terrible today,,,,,synthetic
organic_002,2026-03-20T18:51:06.944810+00:00,New album is fire honestly,,,,,synthetic
organic_021,2026-03-20T19:07:12.572384+00:00,Trying a new workout routine this week,,,,,synthetic
organic_000,2026-03-20T19:18:38.787239+00:00,Just finished reading a great book,,,,,synthetic
coord_g0_01,2026-03-20T19:23:36.202086+00:00,They don't want you to know the truth,,,,,synthetic
coord_g0_03,2026-03-20T19:23:53.575263+00:00,Something big is about to happen stay alert,https://truthnews247.com/article/1284,"wakeup,climatetruth",,,synthetic
coord_g0_02,2026-03-20T19:24:22.817475+00:00,They don't want you to know the truth,,"breaking,wakeup",,,synthetic
coord_g0_00,2026-03-20T19:24:44.090706+00:00,Another day another cover up by the elites,,breaking,,,synthetic
organic_018,2026-03-20T19:31:09.094254+00:00,Happy birthday to my amazing friend!,,,,,synthetic
organic_004,2026-03-20T19:54:11.455243+00:00,Trying a new workout routine this week,,,,,synthetic
organic_001,2026-03-20T20:02:12.495116+00:00,This weather is perfect for a hike,,,,,synthetic
organic_004,2026-03-20T20:10:54.474978+00:00,This weather is perfect for a hike,,,,,synthetic
organic_013,2026-03-20T20:11:17.409372+00:00,Can't wait for the weekend,,,,,synthetic
coord_g0_03,2026-03-20T20:12:45.805758+00:00,They want cheap labor and don't care about you,,"climatetruth,immigrationtruth",,,synthetic
organic_006,2026-03-20T20:13:02.394399+00:00,Trying a new workout routine this week,,,,,synthetic
organic_005,2026-03-20T21:29:20.734759+00:00,Monday mood: need more coffee,,,,,synthetic
organic_017,2026-03-20T21:42:21.293996+00:00,Congratulations to the team!,,vibes,,,synthetic
organic_004,2026-03-20T21:54:16.847166+00:00,Trying a new workout routine this week,,,,,synthetic
organic_019,2026-03-20T22:02:21.270068+00:00,Looking forward to vacation next month,,,,,synthetic
organic_019,2026-03-20T22:06:55.729396+00:00,Happy birthday to my amazing friend!,,,,,synthetic
organic_001,2026-03-20T22:22:11.867688+00:00,Great discussion at today's meetup,,,,,synthetic
organic_002,2026-03-20T22:24:06.312928+00:00,Just had the best coffee at this new place downtown,,,,,synthetic
organic_004,2026-03-20T22:38:47.412112+00:00,Can't wait for the weekend,,,,,synthetic
coord_g1_03,2026-03-20T23:02:22.591755+00:00,This is really important please share widely,,,,,synthetic
coord_g0_01,2026-03-20T23:08:00.354534+00:00,They want cheap labor and don't care about you,,wakeup,,,synthetic
coord_g1_01,2026-03-20T23:22:11.995964+00:00,The mainstream media won't cover this story,,resist,,,synthetic
organic_017,2026-03-20T23:22:32.118445+00:00,Trying a new workout routine this week,,,,,synthetic
organic_008,2026-03-21T00:12:44.312662+00:00,Just finished reading a great book,,,,,synthetic
organic_013,2026-03-21T00:35:40.530419+00:00,Can't wait for the weekend,,,,,synthetic
organic_013,2026-03-21T00:38:14.174261+00:00,Monday mood: need more coffee,,,,,synthetic
organic_013,2026-03-21T00:49:13.860648+00:00,This recipe turned out amazing,,,,,synthetic
coord_g1_01,2026-03-21T01:00:34.037827+00:00,Open borders are destroying our communities,,,,,synthetic
organic_014,2026-03-21T01:15:32.258620+00:00,Just had the best coffee at this new place downtown,,,,,synthetic
coord_g1_01,2026-03-21T01:18:33.258300+00:00,The mainstream media won't cover this story,,,,,synthetic
organic_012,2026-03-21T01:39:25.961964+00:00,Congratulations to the team!,,,,,synthetic
coord_g1_00,2026-03-21T01:41:52.602566+00:00,Open borders are destroying our communities,,,,,synthetic
organic_017,2026-03-21T01:50:11.632383+00:00,Beautiful sunset today,,,,,synthetic
organic_000,2026-03-21T02:07:09.852600+00:00,Just had the best coffee at this new place downtown,,,,,synthetic
coord_g1_03,2026-03-21T02:13:19.648687+00:00,Crime rates skyrocketing in border states,,,,,synthetic
coord_g0_01,2026-03-21T02:14:18.713638+00:00,The mainstream media won't cover this story,,"resist,immigrationtruth",,,synthetic
coord_g1_00,2026-03-21T02:18:20.355569+00:00,Can't believe more people aren't talking about this,,,,,synthetic
organic_016,2026-03-21T02:19:58.245516+00:00,Great discussion at today's meetup,,,,,synthetic
organic_014,2026-03-21T02:23:51.108515+00:00,Can't wait for the weekend,,,,,synthetic
organic_014,2026-03-21T02:24:48.687502+00:00,Monday mood: need more coffee,,,,,synthetic
organic_018,2026-03-21T02:33:28.168979+00:00,Just finished reading a great book,,,,,synthetic
organic_000,2026-03-21T02:39:11.916506+00:00,New album is fire honestly,,,,,synthetic
organic_014,2026-03-21T02:43:57.743432+00:00,Just had the best coffee at this new place downtown,,,,,synthetic
coord_g0_00,2026-03-21T03:00:05.131148+00:00,Crime rates skyrocketing in border states,,,,,synthetic
coord_g0_03,2026-03-21T03:02:12.330510+00:00,Open borders are destroying our communities,,"climatetruth,resist",,,synthetic
coord_g0_01,2026-03-21T03:05:32.884452+00:00,Open borders are destroying our communities,,,,,synthetic
coord_g0_02,2026-03-21T03:05:54.060534+00:00,Wake up and share this with everyone you know,,resist,,,synthetic
organic_012,2026-03-21T03:22:17.091521+00:00,Can't wait for the weekend,,,,,synthetic
organic_021,2026-03-21T03:40:31.676603+00:00,New album is fire honestly,,life,,,synthetic
organic_008,2026-03-21T03:46:29.310538+00:00,Great discussion at today's meetup,,mood,,,synthetic
organic_012,2026-03-21T03:48:56.485826+00:00,Happy birthday to my amazing friend!,,goals,,,synthetic
organic_013,2026-03-21T03:56:14.962856+00:00,Can't wait for the weekend,,,,,synthetic
organic_019,2026-03-21T04:06:27.489684+00:00,Happy birthday to my amazing friend!,,,,,synthetic
organic_021,2026-03-21T04:08:14.976051+00:00,New album is fire honestly,,,,,synthetic
organic_012,2026-03-21T04:20:59.877390+00:00,Traffic is terrible today,,,,,synthetic
organic_007,2026-03-21T04:54:01.750926+00:00,Beautiful sunset today,,,,,synthetic
organic_019,2026-03-21T05:00:57.581000+00:00,Just had the best coffee at this new place downtown,,,,,synthetic
organic_013,2026-03-21T05:03:06.451380+00:00,Just had the best coffee at this new place downtown,,mood,,,synthetic
organic_008,2026-03-21T05:16:28.072592+00:00,Congratulations to the team!,,,,,synthetic
coord_g1_00,2026-03-21T05:23:43.549915+00:00,They don't want you to know the truth,,,,,synthetic
organic_018,2026-03-21T05:31:38.861717+00:00,Congratulations to the team!,,,,,synthetic
organic_005,2026-03-21T05:45:02.512051+00:00,This recipe turned out amazing,,,,,synthetic
organic_018,2026-03-21T05:53:23.000282+00:00,This recipe turned out amazing,,fun,,,synthetic
organic_008,2026-03-21T05:57:13.512132+00:00,New album is fire honestly,,,,,synthetic
organic_009,2026-03-21T06:00:24.097717+00:00,Can't wait for the weekend,,,,,synthetic
organic_018,2026-03-21T06:02:42.639735+00:00,New album is fire honestly,,,,,synthetic
organic_007,2026-03-21T06:12:25.916379+00:00,Congratulations to the team!,,,,,synthetic
organic_000,2026-03-21T06:29:01.934696+00:00,This recipe turned out amazing,,,,,synthetic
organic_005,2026-03-21T06:54:48.062561+00:00,Monday mood: need more coffee,,,,,synthetic
organic_006,2026-03-21T07:43:06.698537+00:00,New album is fire honestly,,,,,synthetic
organic_010,2026-03-21T07:53:46.125016+00:00,Great discussion at today's meetup,,mood,,,synthetic
organic_009,2026-03-21T07:58:56.953341+00:00,This weather is perfect for a hike,,,,,synthetic
organic_002,2026-03-21T07:59:06.278074+00:00,Anyone watching the game tonight?,,goals,,,synthetic
organic_008,2026-03-21T08:07:45.300255+00:00,Happy birthday to my amazing friend!,,,,,synthetic
organic_004,2026-03-21T08:11:28.657808+00:00,Trying a new workout routine this week,,,,,synthetic
coord_g1_01,2026-03-21T08:18:30.337059+00:00,They want cheap labor and don't care about you,,,,,synthetic
organic_012,2026-03-21T08:34:31.515323+00:00,Just had the best coffee at this new place downtown,,,,,synthetic
organic_006,2026-03-21T08:35:36.667158+00:00,Congratulations to the team!,,mood,,,synthetic
organic_016,2026-03-21T08:55:52.249141+00:00,Just had the best coffee at this new place downtown,,,,,synthetic
organic_009,2026-03-21T09:01:03.893109+00:00,Happy birthday to my amazing friend!,,,,,synthetic
organic_006,2026-03-21T09:02:21.467346+00:00,Monday mood: need more coffee,,,,,synthetic
organic_021,2026-03-21T09:12:47.834384+00:00,New album is fire honestly,,,,,synthetic
organic_009,2026-03-21T09:18:22.063545+00:00,Happy birthday to my amazing friend!,,mood,,,synthetic
organic_010,2026-03-21T09:31:00.487638+00:00,Monday mood: need more coffee,,,,,synthetic
organic_004,2026-03-21T09:32:31.985848+00:00,Just had the best coffee at this new place downtown,,vibes,,,synthetic
organic_016,2026-03-21T09:42:39.588402+00:00,This recipe turned out amazing,,,,,synthetic
coord_g0_03,2026-03-21T09:46:58.429871+00:00,The mainstream media won't cover this story,,,,,synthetic
organic_010,2026-03-21T09:48:45.002553+00:00,New album is fire honestly,,,,,synthetic
organic_019,2026-03-21T10:16:25.922703+00:00,Beautiful sunset today,,,,,synthetic
organic_007,2026-03-21T10:24:52.343680+00:00,Looking forward to vacation next month,,,,,synthetic
organic_011,2026-03-21T10:27:16.645089+00:00,Can't wait for the weekend,,mood,,,synthetic
organic_013,2026-03-21T10:49:58.556489+00:00,This weather is perfect for a hike,,,,,synthetic
coord_g0_00,2026-03-21T10:52:09.641810+00:00,Can't believe more people aren't talking about this,,"immigrationtruth,breaking",,,synthetic
organic_012,2026-03-21T10:55:04.181584+00:00,Can't wait for the weekend,,,,,synthetic
organic_006,2026-03-21T11:24:48.319536+00:00,Great discussion at today's meetup,,,,,synthetic
organic_001,2026-03-21T12:08:21.237972+00:00,Congratulations to the team!,,life,,,synthetic
organic_012,2026-03-21T12:20:18.214011+00:00,Just finished reading a great book,,,,,synthetic
coord_g0_01,2026-03-21T12:52:37.541326+00:00,Something big is about to happen stay alert,,resist,,,synthetic
organic_021,2026-03-21T12:53:09.280367+00:00,Can't wait for the weekend,,,,,synthetic
organic_009,2026-03-21T13:11:53.875598+00:00,Can't wait for the weekend,,,,,synthetic
organic_000,2026-03-21T13:15:29.305814+00:00,This recipe turned out amazing,,,,,synthetic
organic_021,2026-03-21T14:00:10.004189+00:00,Monday mood: need more coffee,,,,,synthetic
organic_012,2026-03-21T14:10:41.540604+00:00,Great discussion at today's meetup,,,,,synthetic
organic_006,2026-03-21T15:03:12.751880+00:00,Great discussion at today's meetup,,,,,synthetic
organic_017,2026-03-21T15:07:13.061092+00:00,Happy birthday to my amazing friend!,,,,,synthetic
organic_009,2026-03-21T15:12:50.786678+00:00,Trying a new workout routine this week,,,,,synthetic
organic_018,2026-03-21T15:19:40.113140+00:00,Happy birthday to my amazing friend!,,fun,,,synthetic
organic_018,2026-03-21T15:33:54.196557+00:00,This weather is perfect for a hike,,,,,synthetic
organic_014,2026-03-21T15:44:34.439372+00:00,Just had the best coffee at this new place downtown,,,,,synthetic
organic_004,2026-03-21T15:55:39.808208+00:00,Great discussion at today's meetup,,goals,,,synthetic
organic_016,2026-03-21T15:59:35.924497+00:00,New album is fire honestly,,,,,synthetic
organic_018,2026-03-21T16:19:16.914037+00:00,New album is fire honestly,,,,,synthetic
organic_015,2026-03-21T16:23:17.612846+00:00,Looking forward to vacation next month,,,,,synthetic
organic_004,2026-03-21T16:26:06.782826+00:00,Great discussion at today's meetup,,,,,synthetic
organic_014,2026-03-21T16:39:01.106133+00:00,Great discussion at today's meetup,,,,,synthetic
coord_g0_01,2026-03-21T16:43:47.014827+00:00,Crime rates skyrocketing in border states,https://freedomdaily.org/expose/8935,breaking,,,synthetic
coord_g0_00,2026-03-21T16:46:10.083667+00:00,Millions of illegals flooding in and nobody cares,https://realfacts.blog/post/7722,"breaking,immigrationtruth",,,synthetic
organic_021,2026-03-21T16:49:16.441064+00:00,Can't wait for the weekend,,life,,,synthetic
coord_g0_02,2026-03-21T16:49:27.857013+00:00,Another day another cover up by the elites,,wakeup,,,synthetic
coord_g0_03,2026-03-21T16:50:08.180964+00:00,Another day another cover up by the elites,,wakeup,,,synthetic
coord_g0_00,2026-03-21T16:55:41.784684+00:00,Wake up and share this with everyone you know,,resist,,,synthetic
organic_020,2026-03-21T17:19:37.919502+00:00,This recipe turned out amazing,,,,,synthetic
organic_005,2026-03-21T17:25:50.313114+00:00,Happy birthday to my amazing friend!,,,,,synthetic
organic_001,2026-03-21T17:27:07.482343+00:00,Looking forward to vacation next month,,,,,synthetic
coord_g0_00,2026-03-21T17:27:13.157497+00:00,Crime rates skyrocketing in border states,https://patriotwatch.net/breaking/1016,,,,synthetic
organic_010,2026-03-21T17:27:35.045609+00:00,Just finished reading a great book,,,,,synthetic
coord_g0_02,2026-03-21T17:29:43.907801+00:00,Millions of illegals flooding in and nobody cares,,,,,synthetic
coord_g0_03,2026-03-21T17:30:23.713571+00:00,This is really important please share widely,https://uncensored-report.com/6467,"resist,wakeup",,coord_g0_02,synthetic
coord_g0_01,2026-03-21T17:33:15.570439+00:00,Wake up and share this with everyone you know,,"immigrationtruth,climatetruth,wakeup",,,synthetic
organic_010,2026-03-21T17:35:19.106457+00:00,Just finished reading a great book,,,,,synthetic
organic_011,2026-03-21T17:53:22.089857+00:00,Beautiful sunset today,,,,,synthetic
organic_020,2026-03-21T18:08:30.084356+00:00,Can't wait for the weekend,,,,,synthetic
organic_012,2026-03-21T18:14:44.583388+00:00,This recipe turned out amazing,,,,,synthetic
coord_g1_00,2026-03-21T18:24:08.862791+00:00,Open borders are destroying our communities,,,,,synthetic
organic_008,2026-03-21T18:24:45.566418+00:00,Trying a new workout routine this week,,,,,synthetic
coord_g0_01,2026-03-21T18:26:44.718142+00:00,Can't believe more people aren't talking about this,,"wakeup,immigrationtruth",,,synthetic
organic_000,2026-03-21T18:29:54.014019+00:00,Beautiful sunset today,,,,,synthetic
organic_013,2026-03-21T18:34:24.662949+00:00,Congratulations to the team!,,fun,,,synthetic
organic_013,2026-03-21T18:51:50.213246+00:00,Looking forward to vacation next month,,,,,synthetic
organic_002,2026-03-21T18:55:16.080090+00:00,Trying a new workout routine this week,,,,,synthetic
organic_006,2026-03-21T18:56:49.223125+00:00,New album is fire honestly,,mood,,,synthetic
organic_007,2026-03-21T19:00:48.184335+00:00,Happy birthday to my amazing friend!,,,,,synthetic
organic_007,2026-03-21T19:23:24.201869+00:00,Happy birthday to my amazing friend!,,,,,synthetic
coord_g1_00,2026-03-21T19:40:58.532207+00:00,Wake up and share this with everyone you know,,,,,synthetic
organic_016,2026-03-21T20:22:18.736611+00:00,Just had the best coffee at this new place downtown,,,,,synthetic
organic_018,2026-03-21T20:50:15.096850+00:00,This weather is perfect for a hike,,,,,synthetic
organic_007,2026-03-21T20:58:05.142752+00:00,This weather is perfect for a hike,,love,,,synthetic
organic_021,2026-03-21T21:08:39.456622+00:00,Great discussion at today's meetup,,,,,synthetic
organic_015,2026-03-21T21:20:22.076180+00:00,Great discussion at today's meetup,,,,,synthetic
organic_017,2026-03-21T21:59:39.641291+00:00,Anyone watching the game tonight?,,,,,synthetic
organic_016,2026-03-21T22:02:19.590359+00:00,Trying a new workout routine this week,,,,,synthetic
organic_014,2026-03-21T22:08:42.528624+00:00,Just finished reading a great book,,,,,synthetic
organic_006,2026-03-21T22:11:41.215698+00:00,Anyone watching the game tonight?,,,,,synthetic
organic_013,2026-03-21T22:19:26.139002+00:00,Anyone watching the game tonight?,,,,,synthetic
organic_012,2026-03-21T22:34:21.725836+00:00,Happy birthday to my amazing friend!,,,,,synthetic
organic_014,2026-03-21T22:39:52.250625+00:00,Happy birthday to my amazing friend!,,,,,synthetic
organic_013,2026-03-21T22:42:59.316866+00:00,Traffic is terrible today,,,,,synthetic
organic_014,2026-03-21T22:59:40.860974+00:00,Looking forward to vacation next month,,,,,synthetic
coord_g0_01,2026-03-21T23:14:41.693548+00:00,Can't believe more people aren't talking about this,,,,,synthetic
coord_g0_03,2026-03-21T23:15:23.957354+00:00,They want cheap labor and don't care about you,,,,,synthetic
organic_020,2026-03-21T23:24:03.681204+00:00,Monday mood: need more coffee,,,,,synthetic
organic_007,2026-03-21T23:46:07.886974+00:00,Congratulations to the team!,,,,,synthetic
organic_011,2026-03-21T23:54:11.883577+00:00,Great discussion at today's meetup,,,,,synthetic
organic_021,2026-03-22T00:05:09.968856+00:00,Can't wait for the weekend,,,,,synthetic
organic_019,2026-03-22T00:06:03.575776+00:00,Great discussion at today's meetup,,,,,synthetic
coord_g0_01,2026-03-22T00:19:44.838658+00:00,This is really important please share widely,,,,,synthetic
organic_004,2026-03-22T00:22:24.513391+00:00,This recipe turned out amazing,,,,,synthetic
organic_000,2026-03-22T00:31:57.658821+00:00,Beautiful sunset today,,,,,synthetic
organic_006,2026-03-22T00:39:12.759008+00:00,Monday mood: need more coffee,,love,,,synthetic
coord_g0_03,2026-03-22T00:43:29.283455+00:00,They want cheap labor and don't care about you,,"immigrationtruth,climatetruth",,coord_g0_01,synthetic
coord_g0_01,2026-03-22T00:45:12.081252+00:00,The mainstream media won't cover this story,,"immigrationtruth,wakeup",,coord_g0_02,synthetic
coord_g0_02,2026-03-22T00:46:53.688570+00:00,Another day another cover up by the elites,,,,,synthetic
coord_g0_00,2026-03-22T00:46:55.219576+00:00,The mainstream media won't cover this story,,"wakeup,resist,immigrationtruth",coord_g0_03,,synthetic
organic_014,2026-03-22T01:25:36.214660+00:00,This weather is perfect for a hike,,goals,,,synthetic
organic_005,2026-03-22T01:28:37.262782+00:00,Just finished reading a great book,,,,,synthetic
organic_004,2026-03-22T01:40:14.081198+00:00,New album is fire honestly,,,,,synthetic
organic_020,2026-03-22T02:02:21.417183+00:00,Anyone watching the game tonight?,,,,,synthetic
organic_011,2026-03-22T02:03:31.473449+00:00,This weather is perfect for a hike,,,,,synthetic
organic_015,2026-03-22T02:04:07.873812+00:00,Happy birthday to my amazing friend!,,,,,synthetic
organic_016,2026-03-22T02:17:08.566099+00:00,Just had the best coffee at this new place downtown,,,,,synthetic
organic_000,2026-03-22T02:37:19.793081+00:00,Beautiful sunset today,,,,,synthetic
organic_003,2026-03-22T03:02:34.455004+00:00,Just had the best coffee at this new place downtown,,,,,synthetic
organic_008,2026-03-22T03:03:54.204433+00:00,Great discussion at today's meetup,,love,,,synthetic
organic_019,2026-03-22T03:15:06.387959+00:00,This weather is perfect for a hike,,,,,synthetic
coord_g1_02,2026-03-22T03:25:29.442102+00:00,Wake up and share this with everyone you know,,resist,,,synthetic
organic_005,2026-03-22T03:27:43.299156+00:00,Anyone watching the game tonight?,,,,,synthetic
organic_004,2026-03-22T03:29:31.869508+00:00,Monday mood: need more coffee,,,,,synthetic
organic_017,2026-03-22T03:55:36.535945+00:00,Congratulations to the team!,,,,,synthetic
organic_011,2026-03-22T03:59:24.095169+00:00,This weather is perfect for a hike,,,,,synthetic
coord_g0_03,2026-03-22T04:25:12.131173+00:00,Open borders are destroying our communities,,,,,synthetic
organic_017,2026-03-22T04:30:37.935077+00:00,Traffic is terrible today,,,,,synthetic
organic_015,2026-03-22T04:42:33.222501+00:00,Looking forward to vacation next month,,,,,synthetic
organic_007,2026-03-22T04:44:21.363435+00:00,Traffic is terrible today,,,,,synthetic
organic_010,2026-03-22T04:50:23.360917+00:00,Just finished reading a great book,,,,,synthetic
organic_007,2026-03-22T05:01:43.187612+00:00,Monday mood: need more coffee,,,,,synthetic
organic_003,2026-03-22T05:03:40.752263+00:00,Happy birthday to my amazing friend!,,,,,synthetic
organic_018,2026-03-22T05:14:39.370162+00:00,Trying a new workout routine this week,,vibes,,,synthetic
organic_009,2026-03-22T05:32:34.953439+00:00,Just finished reading a great book,,,,,synthetic
coord_g1_03,2026-03-22T05:35:48.377549+00:00,Something big is about to happen stay alert,,,,,synthetic
organic_013,2026-03-22T06:32:12.498222+00:00,Anyone watching the game tonight?,,,,,synthetic
organic_020,2026-03-22T06:35:50.139525+00:00,Traffic is terrible today,,,,,synthetic
organic_011,2026-03-22T06:38:44.392453+00:00,Congratulations to the team!,,,,,synthetic
organic_017,2026-03-22T06:43:02.618023+00:00,Happy birthday to my amazing friend!,,,,,synthetic
organic_020,2026-03-22T06:43:38.188664+00:00,Just finished reading a great book,,,,,synthetic
organic_020,2026-03-22T06:50:56.249648+00:00,Can't wait for the weekend,,fun,,,synthetic
organic_000,2026-03-22T07:14:50.815360+00:00,Trying a new workout routine this week,,,,,synthetic
organic_005,2026-03-22T07:16:19.610498+00:00,Beautiful sunset today,,,,,synthetic
organic_009,2026-03-22T07:41:34.330771+00:00,Great discussion at today's meetup,,fun,,,synthetic
organic_011,2026-03-22T08:11:49.844897+00:00,Can't wait for the weekend,,,,,synthetic
organic_009,2026-03-22T08:26:14.145508+00:00,Just had the best coffee at this new place downtown,,,,,synthetic
organic_007,2026-03-22T08:35:55.685539+00:00,Can't wait for the weekend,,fun,,,synthetic
organic_003,2026-03-22T08:47:16.493101+00:00,Just had the best coffee at this new place downtown,,,,,synthetic
organic_019,2026-03-22T09:01:37.432765+00:00,Happy birthday to my amazing friend!,,,,,synthetic
organic_012,2026-03-22T09:05:08.428487+00:00,This recipe turned out amazing,,,,,synthetic
organic_015,2026-03-22T09:15:01.762154+00:00,Just had the best coffee at this new place downtown,,,,,synthetic
coord_g1_01,2026-03-22T09:23:32.473972+00:00,The mainstream media won't cover this story,,"immigrationtruth,sharetruth",,,synthetic
organic_014,2026-03-22T09:43:21.408175+00:00,Congratulations to the team!,,,,,synthetic
organic_010,2026-03-22T09:44:00.566664+00:00,Can't wait for the weekend,,goals,,,synthetic
organic_010,2026-03-22T09:47:59.690408+00:00,Great discussion at today's meetup,,,,,synthetic
organic_007,2026-03-22T09:48:49.946790+00:00,Just had the best coffee at this new place downtown,,,,,synthetic
organic_021,2026-03-22T09:58:58.724808+00:00,Happy birthday to my amazing friend!,,,,,synthetic
organic_004,2026-03-22T09:59:49.874929+00:00,Trying a new workout routine this week,,,,,synthetic
organic_000,2026-03-22T10:06:36.849617+00:00,Traffic is terrible today,,life,,,synthetic
organic_001,2026-03-22T10:11:48.528256+00:00,Happy birthday to my amazing friend!,,,,,synthetic
organic_015,2026-03-22T10:12:22.910159+00:00,Just finished reading a great book,,,,,synthetic
organic_019,2026-03-22T10:17:05.186705+00:00,Great discussion at today's meetup,,,,,synthetic
organic_021,2026-03-22T10:40:13.396923+00:00,Great discussion at today's meetup,,,,,synthetic
organic_018,2026-03-22T10:53:02.002903+00:00,Great discussion at today's meetup,,,,,synthetic
organic_002,2026-03-22T10:54:24.808674+00:00,This recipe turned out amazing,,fun,,,synthetic
organic_018,2026-03-22T11:19:04.223899+00:00,Anyone watching the game tonight?,,,,,synthetic
organic_001,2026-03-22T11:24:32.463706+00:00,Can't wait for the weekend,,,,,synthetic
organic_009,2026-03-22T11:27:49.078776+00:00,Happy birthday to my amazing friend!,,,,,synthetic
organic_020,2026-03-22T11:56:38.281474+00:00,Just finished reading a great book,,,,,synthetic
organic_001,2026-03-22T11:58:36.313640+00:00,Trying a new workout routine this week,,,,,synthetic
organic_021,2026-03-22T12:04:52.254143+00:00,Just finished reading a great book,,,,,synthetic
organic_012,2026-03-22T12:38:11.886832+00:00,Beautiful sunset today,,mood,,,synthetic
organic_012,2026-03-22T12:47:04.474364+00:00,Congratulations to the team!,,,,,synthetic
organic_009,2026-03-22T13:52:47.367203+00:00,Trying a new workout routine this week,,vibes,,,synthetic
coord_g1_03,2026-03-22T14:15:13.537020+00:00,This is really important please share widely,,"sharetruth,resist",,,synthetic
organic_003,2026-03-22T14:56:57.522857+00:00,Beautiful sunset today,,mood,,,synthetic
organic_001,2026-03-22T15:01:31.028222+00:00,Monday mood: need more coffee,,mood,,,synthetic
organic_011,2026-03-22T15:06:02.039088+00:00,This recipe turned out amazing,,,,,synthetic
organic_019,2026-03-22T15:10:23.480536+00:00,Happy birthday to my amazing friend!,,,,,synthetic
organic_017,2026-03-22T15:21:11.588980+00:00,Trying a new workout routine this week,,,,,synthetic
coord_g1_00,2026-03-22T15:24:27.745109+00:00,They want cheap labor and don't care about you,https://freedomdaily.org/expose/9097,,,coord_g1_02,synthetic
coord_g1_01,2026-03-22T15:24:45.181675+00:00,Open borders are destroying our communities,https://realfacts.blog/post/7821,sharetruth,,,synthetic
coord_g1_03,2026-03-22T15:27:36.409328+00:00,Millions of illegals flooding in and nobody cares,,"immigrationtruth,technologytruth,resist",,,synthetic
coord_g1_02,2026-03-22T15:28:54.767403+00:00,Millions of illegals flooding in and nobody cares,https://truthnews247.com/article/6781,,coord_g1_00,,synthetic
organic_010,2026-03-22T15:33:21.804859+00:00,Just finished reading a great book,,,,,synthetic
organic_012,2026-03-22T15:39:37.510626+00:00,New album is fire honestly,,,,,synthetic
organic_018,2026-03-22T16:07:24.426087+00:00,Monday mood: need more coffee,,love,,,synthetic
organic_015,2026-03-22T16:23:24.028054+00:00,Traffic is terrible today,,,,,synthetic
organic_015,2026-03-22T16:24:44.039140+00:00,Just finished reading a great book,,,,,synthetic
organic_009,2026-03-22T16:27:01.275043+00:00,This recipe turned out amazing,,,,,synthetic
organic_006,2026-03-22T16:34:51.078862+00:00,Trying a new workout routine this week,,,,,synthetic
organic_010,2026-03-22T16:45:41.961962+00:00,This weather is perfect for a hike,,,,,synthetic
organic_015,2026-03-22T16:52:19.126153+00:00,This recipe turned out amazing,,,,,synthetic
coord_g0_03,2026-03-22T16:54:38.027374+00:00,They don't want you to know the truth,,,,,synthetic
coord_g1_00,2026-03-22T16:59:30.139911+00:00,Open borders are destroying our communities,,"sharetruth,sharetruth",,,synthetic
organic_011,2026-03-22T17:13:52.283871+00:00,Monday mood: need more coffee,,,,,synthetic
organic_017,2026-03-22T17:22:11.256737+00:00,Traffic is terrible today,,,,,synthetic
organic_018,2026-03-22T17:40:01.181611+00:00,Just had the best coffee at this new place downtown,,,,,synthetic
organic_019,2026-03-22T17:41:41.560984+00:00,This recipe turned out amazing,,,,,synthetic
organic_014,2026-03-22T17:47:20.122302+00:00,This weather is perfect for a hike,,,,,synthetic
organic_000,2026-03-22T17:47:21.189463+00:00,Looking forward to vacation next month,,fun,,,synthetic
organic_019,2026-03-22T18:19:42.530088+00:00,Looking forward to vacation next month,,life,,,synthetic
organic_012,2026-03-22T18:19:57.224528+00:00,This weather is perfect for a hike,,,,,synthetic
coord_g0_02,2026-03-22T18:56:31.703777+00:00,Can't believe more people aren't talking about this,,immigrationtruth,,,synthetic
organic_017,2026-03-22T19:08:59.423190+00:00,Happy birthday to my amazing friend!,,,,,synthetic
organic_006,2026-03-22T19:31:30.178867+00:00,New album is fire honestly,,,,,synthetic
organic_013,2026-03-22T20:08:03.446846+00:00,Congratulations to the team!,,,,,synthetic
coord_g0_03,2026-03-22T20:17:13.082487+00:00,The mainstream media won't cover this story,,,,,synthetic
coord_g0_02,2026-03-22T20:18:36.495919+00:00,Crime rates skyrocketing in border states,,"wakeup,immigrationtruth,breaking",,coord_g0_00,synthetic
coord_g0_01,2026-03-22T20:19:10.199811+00:00,The mainstream media won't cover this story,,wakeup,,,synthetic
coord_g0_00,2026-03-22T20:23:04.089963+00:00,They want cheap labor and don't care about you,https://uncensored-report.com/5718,"climatetruth,resist",,,synthetic
organic_015,2026-03-22T20:23:22.330619+00:00,Just finished reading a great book,,,,,synthetic
organic_003,2026-03-22T20:49:59.598998+00:00,This weather is perfect for a hike,,,,,synthetic
organic_002,2026-03-22T21:08:29.252142+00:00,Just finished reading a great book,,,,,synthetic
organic_017,2026-03-22T21:09:22.645474+00:00,Trying a new workout routine this week,,,,,synthetic
organic_012,2026-03-22T21:15:53.766960+00:00,Anyone watching the game tonight?,,,,,synthetic
organic_018,2026-03-22T21:18:15.211667+00:00,Beautiful sunset today,,,,,synthetic
organic_001,2026-03-22T21:34:18.413788+00:00,Can't wait for the weekend,,,,,synthetic
organic_008,2026-03-22T21:45:43.603286+00:00,This weather is perfect for a hike,,,,,synthetic
organic_012,2026-03-22T22:33:35.232719+00:00,Just finished reading a great book,,,,,synthetic
organic_021,2026-03-22T22:38:12.568961+00:00,Beautiful sunset today,,mood,,,synthetic
organic_011,2026-03-22T22:41:15.295453+00:00,Just finished reading a great book,,,,,synthetic
organic_018,2026-03-22T22:57:00.485241+00:00,Congratulations to the team!,,,,,synthetic
organic_006,2026-03-22T22:57:36.541679+00:00,Happy birthday to my amazing friend!,,,,,synthetic
organic_020,2026-03-22T22:59:11.052705+00:00,Monday mood: need more coffee,,,,,synthetic
organic_004,2026-03-22T23:03:37.656886+00:00,This recipe turned out amazing,,,,,synthetic
organic_000,2026-03-22T23:47:53.160053+00:00,Trying a new workout routine this week,,,,,synthetic
organic_010,2026-03-22T23:49:15.737128+00:00,Trying a new workout routine this week,,fun,,,synthetic
organic_020,2026-03-23T00:38:17.812180+00:00,Anyone watching the game tonight?,,,,,synthetic
organic_017,2026-03-23T00:49:26.221662+00:00,Traffic is terrible today,,mood,,,synthetic
organic_013,2026-03-23T01:05:04.223900+00:00,Just finished reading a great book,,,,,synthetic
organic_010,2026-03-23T01:57:32.810786+00:00,Monday mood: need more coffee,,,,,synthetic
organic_002,2026-03-23T02:00:36.571612+00:00,Beautiful sunset today,,,,,synthetic
coord_g1_01,2026-03-23T02:15:58.674850+00:00,Open borders are destroying our communities,,sharetruth,,,synthetic
organic_012,2026-03-23T02:20:06.489866+00:00,Just finished reading a great book,,,,,synthetic
coord_g0_01,2026-03-23T02:21:08.347063+00:00,Crime rates skyrocketing in border states,,immigrationtruth,,,synthetic
organic_007,2026-03-23T02:26:27.516509+00:00,Trying a new workout routine this week,,,,,synthetic
coord_g1_00,2026-03-23T02:31:09.203598+00:00,The mainstream media won't cover this story,,,,,synthetic
organic_008,2026-03-23T02:41:03.458381+00:00,Monday mood: need more coffee,,,,,synthetic
coord_g1_00,2026-03-23T02:51:35.750234+00:00,Another day another cover up by the elites,,"resist,immigrationtruth",,,synthetic
organic_019,2026-03-23T02:52:29.105202+00:00,Just finished reading a great book,,,,,synthetic
organic_005,2026-03-23T03:11:26.244674+00:00,Congratulations to the team!,,,,,synthetic
coord_g0_03,2026-03-23T03:22:27.765844+00:00,They don't want you to know the truth,,climatetruth,,,synthetic
organic_014,2026-03-23T03:23:15.330925+00:00,Congratulations to the team!,,,,,synthetic
organic_018,2026-03-23T03:45:19.106750+00:00,Trying a new workout routine this week,,,,,synthetic
organic_003,2026-03-23T03:47:42.691387+00:00,Happy birthday to my amazing friend!,,,,,synthetic
coord_g1_03,2026-03-23T03:56:25.357177+00:00,Wake up and share this with everyone you know,https://patriotwatch.net/breaking/9177,"sharetruth,technologytruth",,,synthetic
coord_g1_02,2026-03-23T03:57:38.179678+00:00,Open borders are destroying our communities,,,,,synthetic
coord_g1_00,2026-03-23T03:59:26.543460+00:00,They don't want you to know the truth,,"sharetruth,sharetruth,immigrationtruth",,,synthetic
coord_g1_01,2026-03-23T04:01:12.353947+00:00,They want cheap labor and don't care about you,https://patriotwatch.net/breaking/8617,,,,synthetic
organic_019,2026-03-23T04:28:29.470813+00:00,This weather is perfect for a hike,,,,,synthetic
organic_010,2026-03-23T04:28:59.572986+00:00,Monday mood: need more coffee,,,,,synthetic
organic_018,2026-03-23T04:32:16.074486+00:00,Beautiful sunset today,,,,,synthetic
organic_000,2026-03-23T04:37:38.466231+00:00,Happy birthday to my amazing friend!,,,,,synthetic
organic_013,2026-03-23T04:47:56.254459+00:00,Can't wait for the weekend,,,,,synthetic
coord_g0_00,2026-03-23T05:03:59.668083+00:00,Millions of illegals flooding in and nobody cares,,,,,synthetic
organic_011,2026-03-23T05:27:12.177059+00:00,Congratulations to the team!,,,,,synthetic
coord_g0_01,2026-03-23T06:07:59.610556+00:00,Open borders are destroying our communities,,,,,synthetic
coord_g1_02,2026-03-23T06:08:30.811425+00:00,Millions of illegals flooding in and nobody cares,https://realfacts.blog/post/2553,,,,synthetic
coord_g1_01,2026-03-23T06:12:46.039607+00:00,The mainstream media won't cover this story,,,coord_g1_03,,synthetic
coord_g1_03,2026-03-23T06:13:22.870788+00:00,Wake up and share this with everyone you know,https://truthnews247.com/article/3284,,,,synthetic
coord_g1_00,2026-03-23T06:15:29.300058+00:00,They want cheap labor and don't care about you,https://truthnews247.com/article/6789,,,,synthetic
coord_g1_03,2026-03-23T06:32:52.418950+00:00,Something big is about to happen stay alert,,technologytruth,,,synthetic
organic_016,2026-03-23T06:34:25.251066+00:00,Can't wait for the weekend,,,,,synthetic
organic_008,2026-03-23T06:55:00.417550+00:00,Anyone watching the game tonight?,,goals,,,synthetic
organic_018,2026-03-23T07:16:08.409260+00:00,This weather is perfect for a hike,,,,,synthetic
coord_g0_00,2026-03-23T07:23:26.631273+00:00,Crime rates skyrocketing in border states,,,,,synthetic
organic_003,2026-03-23T08:03:09.458553+00:00,New album is fire honestly,,,,,synthetic
organic_011,2026-03-23T08:48:15.530903+00:00,Monday mood: need more coffee,,,,,synthetic
organic_010,2026-03-23T09:04:23.179168+00:00,New album is fire honestly,,,,,synthetic
organic_021,2026-03-23T09:29:33.716519+00:00,This weather is perfect for a hike,,,,,synthetic
organic_019,2026-03-23T09:37:59.118298+00:00,Just had the best coffee at this new place downtown,,,,,synthetic
coord_g0_01,2026-03-23T09:46:31.282053+00:00,Another day another cover up by the elites,,,,,synthetic
organic_017,2026-03-23T09:57:22.940458+00:00,Congratulations to the team!,,,,,synthetic
coord_g0_01,2026-03-23T10:04:34.515661+00:00,Wake up and share this with everyone you know,,"immigrationtruth,breaking",,,synthetic
organic_009,2026-03-23T10:08:40.864636+00:00,Great discussion at today's meetup,,,,,synthetic
coord_g1_00,2026-03-23T10:17:20.263271+00:00,Wake up and share this with everyone you know,,resist,,,synthetic
organic_002,2026-03-23T10:21:07.494805+00:00,This weather is perfect for a hike,,,,,synthetic
organic_010,2026-03-23T10:21:27.375209+00:00,Happy birthday to my amazing friend!,,,,,synthetic
organic_012,2026-03-23T10:37:19.688206+00:00,Anyone watching the game tonight?,,fun,,,synthetic
organic_007,2026-03-23T10:41:36.532792+00:00,This weather is perfect for a hike,,,,,synthetic
organic_019,2026-03-23T10:42:52.021804+00:00,New album is fire honestly,,,,,synthetic
coord_g1_02,2026-03-23T11:16:55.588409+00:00,This is really important please share widely,,,,,synthetic
organic_017,2026-03-23T11:50:21.895569+00:00,Traffic is terrible today,,,,,synthetic
organic_013,2026-03-23T12:15:30.915587+00:00,This weather is perfect for a hike,,,,,synthetic
organic_005,2026-03-23T12:31:44.761893+00:00,Looking forward to vacation next month,,,,,synthetic
organic_002,2026-03-23T12:32:03.635175+00:00,Just finished reading a great book,,,,,synthetic
coord_g0_02,2026-03-23T13:07:17.319597+00:00,Another day another cover up by the elites,,,,,synthetic
coord_g0_01,2026-03-23T13:09:39.305622+00:00,Can't believe more people aren't talking about this,,,,,synthetic
organic_015,2026-03-23T13:14:47.043934+00:00,Trying a new workout routine this week,,,,,synthetic
organic_004,2026-03-23T13:25:17.574580+00:00,Just finished reading a great book,,,,,synthetic
coord_g0_01,2026-03-23T13:50:09.889398+00:00,Another day another cover up by the elites,,wakeup,,,synthetic
organic_012,2026-03-23T14:27:43.267233+00:00,Happy birthday to my amazing friend!,,,,,synthetic
organic_001,2026-03-23T14:55:29.651619+00:00,Congratulations to the team!,,,,,synthetic
organic_007,2026-03-23T14:55:31.232919+00:00,Beautiful sunset today,,,,,synthetic
coord_g0_00,2026-03-23T14:56:32.453675+00:00,Open borders are destroying our communities,,,,,synthetic
organic_011,2026-03-23T15:34:00.523291+00:00,New album is fire honestly,,,,,synthetic
organic_008,2026-03-23T15:36:16.874792+00:00,This weather is perfect for a hike,,,,,synthetic
organic_008,2026-03-23T15:42:00.196193+00:00,Anyone watching the game tonight?,,,,,synthetic
organic_000,2026-03-23T15:57:22.964464+00:00,Monday mood: need more coffee,,love,,,synthetic
organic_021,2026-03-23T15:59:10.252863+00:00,Happy birthday to my amazing friend!,,,,,synthetic
organic_008,2026-03-23T16:02:30.470306+00:00,Just finished reading a great book,,love,,,synthetic
organic_001,2026-03-23T16:04:31.836784+00:00,Just finished reading a great book,,,,,synthetic
organic_004,2026-03-23T16:05:52.738849+00:00,Great discussion at today's meetup,,,,,synthetic
organic_008,2026-03-23T16:12:38.170566+00:00,Beautiful sunset today,,,,,synthetic
coord_g0_02,2026-03-23T16:23:02.040888+00:00,They want cheap labor and don't care about you,,"breaking,climatetruth",,,synthetic
organic_006,2026-03-23T16:31:39.219396+00:00,This recipe turned out amazing,,,,,synthetic
organic_008,2026-03-23T16:41:48.155405+00:00,This recipe turned out amazing,,,,,synthetic
organic_017,2026-03-23T16:51:04.601501+00:00,This recipe turned out amazing,,mood,,,synthetic
organic_018,2026-03-23T16:54:04.782075+00:00,This weather is perfect for a hike,,,,,synthetic
organic_005,2026-03-23T17:15:49.622043+00:00,This weather is perfect for a hike,,,,,synthetic
organic_018,2026-03-23T17:29:01.290940+00:00,Congratulations to the team!,,,,,synthetic
organic_000,2026-03-23T17:57:24.097748+00:00,Happy birthday to my amazing friend!,,,,,synthetic
organic_005,2026-03-23T18:02:57.606982+00:00,Congratulations to the team!,,,,,synthetic
organic_006,2026-03-23T18:16:33.361478+00:00,Looking forward to vacation next month,,,,,synthetic
organic_012,2026-03-23T18:25:26.018191+00:00,Looking forward to vacation next month,,,,,synthetic
organic_010,2026-03-23T18:50:37.367977+00:00,Looking forward to vacation next month,,,,,synthetic
organic_010,2026-03-23T18:55:37.207497+00:00,Congratulations to the team!,,,,,synthetic
coord_g1_01,2026-03-23T19:07:18.584187+00:00,They want cheap labor and don't care about you,,"resist,technologytruth",,,synthetic
coord_g1_01,2026-03-23T19:08:03.821424+00:00,Millions of illegals flooding in and nobody cares,,,,,synthetic
coord_g0_02,2026-03-23T19:35:04.278450+00:00,The mainstream media won't cover this story,,"wakeup,immigrationtruth",,,synthetic
organic_021,2026-03-23T19:40:32.149026+00:00,Beautiful sunset today,,,,,synthetic
coord_g0_01,2026-03-23T19:47:42.736747+00:00,Millions of illegals flooding in and nobody cares,,,,,synthetic
organic_012,2026-03-23T19:49:59.319168+00:00,Just finished reading a great book,,,,,synthetic
organic_004,2026-03-23T20:06:56.576331+00:00,Congratulations to the team!,,,,,synthetic
organic_011,2026-03-23T20:15:25.050875+00:00,This recipe turned out amazing,,,,,synthetic
coord_g1_03,2026-03-23T20:39:42.982422+00:00,They want cheap labor and don't care about you,https://uncensored-report.com/8810,,,,synthetic
coord_g1_00,2026-03-23T20:41:30.498422+00:00,They want cheap labor and don't care about you,,"immigrationtruth,sharetruth",,,synthetic
coord_g1_02,2026-03-23T20:41:42.033569+00:00,They want cheap labor and don't care about you,,"immigrationtruth,sharetruth",,,synthetic
organic_016,2026-03-23T20:42:29.765218+00:00,Congratulations to the team!,,,,,synthetic
organic_005,2026-03-23T20:44:08.468923+00:00,Trying a new workout routine this week,,,,,synthetic
coord_g1_01,2026-03-23T20:44:08.525889+00:00,They don't want you to know the truth,,,,,synthetic
organic_008,2026-03-23T21:08:28.334573+00:00,Looking forward to vacation next month,,,,,synthetic
organic_021,2026-03-23T21:11:19.498073+00:00,Can't wait for the weekend,,,,,synthetic
organic_020,2026-03-23T21:29:01.049772+00:00,Trying a new workout routine this week,,,,,synthetic
coord_g1_00,2026-03-23T22:45:23.455639+00:00,They don't want you to know the truth,,technologytruth,coord_g1_01,,synthetic
coord_g1_02,2026-03-23T22:46:38.971736+00:00,Millions of illegals flooding in and nobody cares,https://realfacts.blog/post/4112,"sharetruth,resist,sharetruth",coord_g1_03,,synthetic
coord_g1_03,2026-03-23T22:47:00.060203+00:00,Open borders are destroying our communities,https://patriotwatch.net/breaking/7426,resist,,,synthetic
coord_g1_01,2026-03-23T22:52:25.067268+00:00,They want cheap labor and don't care about you,,"technologytruth,sharetruth",,coord_g1_00,synthetic
organic_013,2026-03-24T00:10:05.834749+00:00,Beautiful sunset today,,fun,,,synthetic
organic_012,2026-03-24T00:38:50.285142+00:00,This weather is perfect for a hike,,,,,synthetic
organic_003,2026-03-24T00:56:04.014278+00:00,Happy birthday to my amazing friend!,,,,,synthetic
organic_003,2026-03-24T01:05:58.817815+00:00,Can't wait for the weekend,,,,,synthetic
organic_012,2026-03-24T01:07:32.869769+00:00,Monday mood: need more coffee,,goals,,,synthetic
coord_g0_03,2026-03-24T01:14:06.875230+00:00,Can't believe more people aren't talking about this,,,,,synthetic
coord_g0_00,2026-03-24T01:15:01.312453+00:00,Wake up and share this with everyone you know,https://patriotwatch.net/breaking/4370,"resist,climatetruth",,,synthetic
coord_g0_01,2026-03-24T01:16:16.328750+00:00,Something big is about to happen stay alert,https://truthnews247.com/article/1284,"wakeup,immigrationtruth",,,synthetic
coord_g0_02,2026-03-24T01:19:37.380937+00:00,Crime rates skyrocketing in border states,https://freedomdaily.org/expose/6769,wakeup,coord_g0_01,,synthetic
coord_g1_02,2026-03-24T01:21:33.819281+00:00,Something big is about to happen stay alert,,,,,synthetic
organic_010,2026-03-24T01:24:25.914115+00:00,New album is fire honestly,,,,,synthetic
organic_002,2026-03-24T01:25:55.535407+00:00,Happy birthday to my amazing friend!,,love,,,synthetic
organic_008,2026-03-24T01:27:58.105259+00:00,Just had the best coffee at this new place downtown,,vibes,,,synthetic
organic_009,2026-03-24T01:31:37.864705+00:00,This weather is perfect for a hike,,,,,synthetic
organic_015,2026-03-24T01:38:57.861800+00:00,Just finished reading a great book,,,,,synthetic
organic_006,2026-03-24T02:01:26.860276+00:00,Anyone watching the game tonight?,,life,,,synthetic
organic_015,2026-03-24T02:17:41.524120+00:00,Monday mood: need more coffee,,,,,synthetic
organic_020,2026-03-24T02:18:17.323774+00:00,Just finished reading a great book,,,,,synthetic
organic_021,2026-03-24T02:35:04.785406+00:00,Beautiful sunset today,,,,,synthetic
organic_014,2026-03-24T02:46:08.645153+00:00,Congratulations to the team!,,,,,synthetic
organic_002,2026-03-24T02:58:33.091742+00:00,Beautiful sunset today,,,,,synthetic
organic_005,2026-03-24T02:59:05.756097+00:00,This weather is perfect for a hike,,,,,synthetic
coord_g1_02,2026-03-24T03:03:41.271500+00:00,Crime rates skyrocketing in border states,https://patriotwatch.net/breaking/7874,,,,synthetic
coord_g1_00,2026-03-24T03:05:51.952444+00:00,Something big is about to happen stay alert,,sharetruth,,,synthetic
coord_g1_03,2026-03-24T03:07:01.766018+00:00,They want cheap labor and don't care about you,https://realfacts.blog/post/8984,"resist,sharetruth",,coord_g1_00,synthetic
coord_g1_01,2026-03-24T03:08:37.895120+00:00,Millions of illegals flooding in and nobody cares,https://realfacts.blog/post/7544,,,,synthetic
organic_018,2026-03-24T03:09:18.477696+00:00,This weather is perfect for a hike,,,,,synthetic
organic_021,2026-03-24T03:09:54.214071+00:00,Traffic is terrible today,,,,,synthetic
coord_g1_02,2026-03-24T03:10:33.088870+00:00,They want cheap labor and don't care about you,,,,,synthetic
organic_005,2026-03-24T03:25:14.109248+00:00,Congratulations to the team!,,,,,synthetic
organic_008,2026-03-24T03:33:40.958578+00:00,Looking forward to vacation next month,,,,,synthetic
organic_013,2026-03-24T03:39:40.165020+00:00,Anyone watching the game tonight?,,,,,synthetic
organic_017,2026-03-24T03:42:47.641711+00:00,Just finished reading a great book,,,,,synthetic
coord_g1_03,2026-03-24T03:46:09.888699+00:00,Another day another cover up by the elites,,resist,,,synthetic
organic_010,2026-03-24T03:50:40.303810+00:00,Great discussion at today's meetup,,,,,synthetic
organic_016,2026-03-24T03:55:54.666967+00:00,Just finished reading a great book,,,,,synthetic
organic_004,2026-03-24T03:58:13.768604+00:00,Traffic is terrible today,,,,,synthetic
organic_017,2026-03-24T04:11:00.344984+00:00,This weather is perfect for a hike,,,,,synthetic
organic_009,2026-03-24T04:25:28.937344+00:00,This recipe turned out amazing,,life,,,synthetic
coord_g1_02,2026-03-24T04:34:31.677160+00:00,Something big is about to happen stay alert,,,,,synthetic
organic_018,2026-03-24T04:45:59.429584+00:00,New album is fire honestly,,,,,synthetic
coord_g0_00,2026-03-24T04:51:57.558660+00:00,Crime rates skyrocketing in border states,,,,,synthetic
coord_g0_02,2026-03-24T04:53:06.831083+00:00,Can't believe more people aren't talking about this,https://truthnews247.com/article/5990,,,,synthetic
coord_g0_03,2026-03-24T04:53:10.113093+00:00,They don't want you to know the truth,,"immigrationtruth,wakeup",,,synthetic
coord_g0_01,2026-03-24T04:54:15.959347+00:00,They want cheap labor and don't care about you,,"wakeup,immigrationtruth",,,synthetic
organic_013,2026-03-24T05:20:27.302368+00:00,Happy birthday to my amazing friend!,,,,,synthetic
organic_011,2026-03-24T05:46:02.120254+00:00,Monday mood: need more coffee,,love,,,synthetic
coord_g0_01,2026-03-24T05:48:08.173959+00:00,Another day another cover up by the elites,,"immigrationtruth,wakeup",,,synthetic
organic_017,2026-03-24T06:22:39.558129+00:00,This recipe turned out amazing,,,,,synthetic
organic_002,2026-03-24T06:29:25.600326+00:00,Just had the best coffee at this new place downtown,,,,,synthetic
coord_g1_00,2026-03-24T06:35:01.192508+00:00,They want cheap labor and don't care about you,,"sharetruth,immigrationtruth",,,synthetic
organic_002,2026-03-24T06:51:10.187769+00:00,Congratulations to the team!,,,,,synthetic
organic_018,2026-03-24T07:03:16.883751+00:00,Beautiful sunset today,,,,,synthetic
organic_012,2026-03-24T07:40:20.702453+00:00,Looking forward to vacation next month,,,,,synthetic
organic_008,2026-03-24T07:40:36.706129+00:00,Looking forward to vacation next month,,,,,synthetic
organic_011,2026-03-24T07:58:32.488051+00:00,Great discussion at today's meetup,,,,,synthetic
organic_018,2026-03-24T08:32:27.856541+00:00,Just finished reading a great book,,,,,synthetic
organic_009,2026-03-24T08:36:35.249836+00:00,Can't wait for the weekend,,vibes,,,synthetic
organic_009,2026-03-24T08:51:17.857187+00:00,Just finished reading a great book,,,,,synthetic
coord_g1_03,2026-03-24T08:57:45.748364+00:00,Another day another cover up by the elites,,immigrationtruth,,,synthetic
organic_007,2026-03-24T09:02:45.337328+00:00,Beautiful sunset today,,,,,synthetic
organic_010,2026-03-24T09:03:30.372078+00:00,Great discussion at today's meetup,,goals,,,synthetic
organic_005,2026-03-24T09:38:25.058594+00:00,Happy birthday to my amazing friend!,,,,,synthetic
organic_009,2026-03-24T10:07:35.810085+00:00,Trying a new workout routine this week,,,,,synthetic
organic_008,2026-03-24T10:12:50.843437+00:00,Just had the best coffee at this new place downtown,,,,,synthetic
coord_g1_01,2026-03-24T10:49:32.125358+00:00,This is really important please share widely,,"sharetruth,immigrationtruth",,,synthetic
organic_007,2026-03-24T10:54:00.773686+00:00,Looking forward to vacation next month,,,,,synthetic
organic_004,2026-03-24T10:57:52.242052+00:00,Just finished reading a great book,,goals,,,synthetic
organic_002,2026-03-24T11:04:39.562004+00:00,New album is fire honestly,,,,,synthetic
coord_g1_01,2026-03-24T11:30:19.102888+00:00,They want cheap labor and don't care about you,,,,,synthetic
organic_020,2026-03-24T11:35:09.645023+00:00,Traffic is terrible today,,,,,synthetic
coord_g0_00,2026-03-24T11:35:49.547099+00:00,Open borders are destroying our communities,,,,,synthetic
organic_002,2026-03-24T11:43:31.919853+00:00,New album is fire honestly,,,,,synthetic
organic_019,2026-03-24T11:48:10.447213+00:00,Anyone watching the game tonight?,,,,,synthetic
coord_g1_02,2026-03-24T12:01:19.645845+00:00,Something big is about to happen stay alert,,sharetruth,,,synthetic
coord_g0_01,2026-03-24T12:10:13.524851+00:00,Another day another cover up by the elites,,,,,synthetic
organic_012,2026-03-24T12:38:04.192118+00:00,Beautiful sunset today,,,,,synthetic
organic_003,2026-03-24T12:58:30.312534+00:00,Can't wait for the weekend,,,,,synthetic
coord_g1_01,2026-03-24T13:21:59.235252+00:00,They want cheap labor and don't care about you,,sharetruth,,,synthetic
organic_005,2026-03-24T13:28:13.396539+00:00,Anyone watching the game tonight?,,life,,,synthetic
coord_g0_02,2026-03-24T13:36:27.679017+00:00,The mainstream media won't cover this story,,,,,synthetic
coord_g1_02,2026-03-24T13:45:56.111386+00:00,They want cheap labor and don't care about you,,sharetruth,,,synthetic
organic_007,2026-03-24T13:54:58.319417+00:00,Anyone watching the game tonight?,,,,,synthetic
organic_000,2026-03-24T14:07:08.555309+00:00,Monday mood: need more coffee,,,,,synthetic
organic_001,2026-03-24T14:10:29.377504+00:00,Trying a new workout routine this week,,,,,synthetic
organic_021,2026-03-24T14:23:32.625019+00:00,Looking forward to vacation next month,,,,,synthetic
organic_009,2026-03-24T14:37:30.487192+00:00,Congratulations to the team!,,,,,synthetic
organic_000,2026-03-24T14:44:07.997739+00:00,Anyone watching the game tonight?,,,,,synthetic
organic_004,2026-03-24T14:57:36.240652+00:00,Just had the best coffee at this new place downtown,,,,,synthetic
organic_014,2026-03-24T15:01:40.908793+00:00,Congratulations to the team!,,,,,synthetic
organic_015,2026-03-24T15:14:45.402276+00:00,Just had the best coffee at this new place downtown,,,,,synthetic
organic_013,2026-03-24T15:16:26.178355+00:00,New album is fire honestly,,,,,synthetic
coord_g1_03,2026-03-24T15:18:31.914772+00:00,They want cheap labor and don't care about you,,resist,,,synthetic
organic_015,2026-03-24T15:25:07.878643+00:00,Congratulations to the team!,,,,,synthetic
organic_020,2026-03-24T15:30:03.232034+00:00,Just had the best coffee at this new place downtown,,,,,synthetic
coord_g1_00,2026-03-24T15:30:52.883332+00:00,They want cheap labor and don't care about you,,technologytruth,,,synthetic
organic_011,2026-03-24T15:53:19.348435+00:00,Anyone watching the game tonight?,,fun,,,synthetic
coord_g1_01,2026-03-24T16:44:58.785470+00:00,This is really important please share widely,,resist,,,synthetic
organic_001,2026-03-24T16:54:16.595978+00:00,Beautiful sunset today,,,,,synthetic
coord_g0_00,2026-03-24T17:01:44.397810+00:00,Can't believe more people aren't talking about this,,,,,synthetic
organic_009,2026-03-24T17:05:07.780599+00:00,Looking forward to vacation next month,,,,,synthetic
organic_002,2026-03-24T17:24:09.306904+00:00,Traffic is terrible today,,,,,synthetic
organic_000,2026-03-24T17:34:09.863843+00:00,Just finished reading a great book,,,,,synthetic
organic_001,2026-03-24T17:44:35.210792+00:00,Just finished reading a great book,,,,,synthetic
organic_019,2026-03-24T18:28:13.153427+00:00,Monday mood: need more coffee,,,,,synthetic
organic_013,2026-03-24T18:53:57.140662+00:00,This recipe turned out amazing,,,,,synthetic
organic_003,2026-03-24T19:01:46.165795+00:00,Trying a new workout routine this week,,,,,synthetic
organic_016,2026-03-24T19:29:52.604199+00:00,Happy birthday to my amazing friend!,,,,,synthetic
organic_003,2026-03-24T19:46:48.930920+00:00,Just finished reading a great book,,,,,synthetic
organic_019,2026-03-24T20:40:34.475181+00:00,Just finished reading a great book,,,,,synthetic
organic_017,2026-03-24T20:54:16.398306+00:00,Can't wait for the weekend,,,,,synthetic
organic_008,2026-03-24T21:02:00.876341+00:00,Traffic is terrible today,,,,,synthetic
organic_020,2026-03-24T21:07:27.937533+00:00,Happy birthday to my amazing friend!,,,,,synthetic
organic_010,2026-03-24T21:15:33.838031+00:00,This weather is perfect for a hike,,,,,synthetic
organic_019,2026-03-24T21:32:51.735265+00:00,Just finished reading a great book,,,,,synthetic
organic_017,2026-03-24T21:35:13.648969+00:00,This weather is perfect for a hike,,,,,synthetic
organic_005,2026-03-24T21:44:40.230192+00:00,This recipe turned out amazing,,,,,synthetic
organic_002,2026-03-24T21:46:37.610511+00:00,Just had the best coffee at this new place downtown,,,,,synthetic
organic_006,2026-03-24T22:01:38.683801+00:00,Anyone watching the game tonight?,,,,,synthetic
organic_000,2026-03-24T22:25:13.609800+00:00,Monday mood: need more coffee,,,,,synthetic
organic_006,2026-03-24T22:27:48.559002+00:00,Just had the best coffee at this new place downtown,,,,,synthetic
organic_019,2026-03-24T22:36:55.037990+00:00,Happy birthday to my amazing friend!,,,,,synthetic
organic_006,2026-03-24T22:41:36.211272+00:00,Traffic is terrible today,,,,,synthetic
organic_018,2026-03-24T22:52:47.385094+00:00,Congratulations to the team!,,,,,synthetic
organic_008,2026-03-24T23:01:47.802616+00:00,Trying a new workout routine this week,,,,,synthetic
organic_004,2026-03-24T23:08:39.192483+00:00,Just finished reading a great book,,,,,synthetic
organic_005,2026-03-24T23:52:28.615154+00:00,Happy birthday to my amazing friend!,,,,,synthetic
organic_002,2026-03-25T00:00:22.010798+00:00,This recipe turned out amazing,,,,,synthetic
organic_015,2026-03-25T00:03:08.737052+00:00,New album is fire honestly,,,,,synthetic
coord_g0_00,2026-03-25T00:04:55.128497+00:00,The mainstream media won't cover this story,,climatetruth,,,synthetic
coord_g0_01,2026-03-25T00:11:32.746987+00:00,This is really important please share widely,,"climatetruth,breaking,wakeup",coord_g0_02,,synthetic
coord_g0_03,2026-03-25T00:12:20.032332+00:00,The mainstream media won't cover this story,,,,,synthetic
coord_g0_02,2026-03-25T00:12:45.748598+00:00,Wake up and share this with everyone you know,https://freedomdaily.org/expose/5718,"immigrationtruth,climatetruth,resist",coord_g0_00,,synthetic
coord_g0_00,2026-03-25T00:13:37.844968+00:00,Crime rates skyrocketing in border states,https://patriotwatch.net/breaking/6747,"breaking,climatetruth,immigrationtruth",,,synthetic
organic_019,2026-03-25T00:14:56.426467+00:00,Anyone watching the game tonight?,,,,,synthetic
coord_g1_01,2026-03-25T00:19:50.170527+00:00,Millions of illegals flooding in and nobody cares,https://uncensored-report.com/7249,,,,synthetic
coord_g1_03,2026-03-25T00:21:47.438655+00:00,Open borders are destroying our communities,,"immigrationtruth,sharetruth",,,synthetic
coord_g1_02,2026-03-25T00:22:16.722382+00:00,They want cheap labor and don't care about you,https://uncensored-report.com/6526,"sharetruth,immigrationtruth",,,synthetic
coord_g1_00,2026-03-25T00:23:59.241189+00:00,This is really important please share widely,https://truthnews247.com/article/2096,,,,synthetic
organic_017,2026-03-25T00:32:45.611828+00:00,Just finished reading a great book,,,,,synthetic
organic_000,2026-03-25T01:08:17.909358+00:00,Traffic is terrible today,,,,,synthetic
coord_g1_02,2026-03-25T01:19:12.741525+00:00,Wake up and share this with everyone you know,,,,,synthetic
organic_011,2026-03-25T01:19:43.108377+00:00,Just finished reading a great book,,,,,synthetic
organic_005,2026-03-25T01:21:20.525548+00:00,Great discussion at today's meetup,,,,,synthetic
coord_g0_03,2026-03-25T01:24:04.522359+00:00,This is really important please share widely,,"climatetruth,breaking,immigrationtruth",,,synthetic
coord_g0_00,2026-03-25T01:24:18.357255+00:00,Wake up and share this with everyone you know,,,,,synthetic
coord_g0_01,2026-03-25T01:24:31.331847+00:00,Open borders are destroying our communities,https://truthnews247.com/article/2544,climatetruth,,,synthetic
coord_g0_02,2026-03-25T01:25:17.912140+00:00,Crime rates skyrocketing in border states,https://freedomdaily.org/expose/1339,,,,synthetic
organic_005,2026-03-25T01:30:23.965213+00:00,Traffic is terrible today,,,,,synthetic
organic_003,2026-03-25T01:30:46.633055+00:00,Can't wait for the weekend,,,,,synthetic
organic_013,2026-03-25T01:33:50.822914+00:00,New album is fire honestly,,,,,synthetic
organic_003,2026-03-25T01:42:21.106948+00:00,Traffic is terrible today,,,,,synthetic
organic_011,2026-03-25T01:54:44.634807+00:00,Happy birthday to my amazing friend!,,,,,synthetic
organic_017,2026-03-25T01:55:32.826880+00:00,Looking forward to vacation next month,,,,,synthetic
organic_018,2026-03-25T01:56:00.944275+00:00,Congratulations to the team!,,,,,synthetic
organic_020,2026-03-25T02:21:28.457315+00:00,Happy birthday to my amazing friend!,,,,,synthetic
coord_g1_02,2026-03-25T02:44:41.114350+00:00,The mainstream media won't cover this story,,,,,synthetic
organic_016,2026-03-25T02:46:07.879518+00:00,Monday mood: need more coffee,,,,,synthetic
organic_007,2026-03-25T02:48:35.323832+00:00,Congratulations to the team!,,,,,synthetic
organic_003,2026-03-25T03:02:09.202394+00:00,Looking forward to vacation next month,,,,,synthetic
organic_012,2026-03-25T03:04:35.855534+00:00,Traffic is terrible today,,,,,synthetic
coord_g1_01,2026-03-25T03:27:11.296549+00:00,They don't want you to know the truth,,"sharetruth,resist,immigrationtruth",,,synthetic
coord_g1_03,2026-03-25T03:27:18.562541+00:00,Can't believe more people aren't talking about this,,"sharetruth,technologytruth",coord_g1_02,,synthetic
coord_g1_02,2026-03-25T03:27:40.565085+00:00,Wake up and share this with everyone you know,,,,,synthetic
coord_g1_00,2026-03-25T03:29:44.543418+00:00,Wake up and share this with everyone you know,https://patriotwatch.net/breaking/9177,"resist,sharetruth",,,synthetic
coord_g1_00,2026-03-25T03:46:16.882711+00:00,Open borders are destroying our communities,,,,,synthetic
coord_g1_03,2026-03-25T03:46:54.911809+00:00,They want cheap labor and don't care about you,,"sharetruth,resist,sharetruth",coord_g1_02,,synthetic
coord_g1_01,2026-03-25T03:49:13.208883+00:00,Open borders are destroying our communities,https://patriotwatch.net/breaking/6314,"sharetruth,immigrationtruth",,,synthetic
coord_g0_03,2026-03-25T03:49:25.937215+00:00,Something big is about to happen stay alert,,"climatetruth,resist",,,synthetic
coord_g1_02,2026-03-25T03:51:43.985115+00:00,Millions of illegals flooding in and nobody cares,,"resist,immigrationtruth,sharetruth",,,synthetic
organic_019,2026-03-25T04:35:08.792651+00:00,Happy birthday to my amazing friend!,,,,,synthetic
organic_007,2026-03-25T04:43:13.684504+00:00,Traffic is terrible today,,,,,synthetic
organic_016,2026-03-25T04:57:09.226207+00:00,Beautiful sunset today,,,,,synthetic
organic_001,2026-03-25T05:43:10.809274+00:00,Traffic is terrible today,,,,,synthetic
coord_g1_03,2026-03-25T05:54:40.597335+00:00,Wake up and share this with everyone you know,https://realfacts.blog/post/5972,,,,synthetic
coord_g1_01,2026-03-25T05:55:07.068872+00:00,This is really important please share widely,https://freedomdaily.org/expose/5549,,,,synthetic
coord_g1_00,2026-03-25T05:55:31.196985+00:00,Open borders are destroying our communities,,"technologytruth,resist,sharetruth",,,synthetic
coord_g1_02,2026-03-25T05:59:48.896265+00:00,Crime rates skyrocketing in border states,https://truthnews247.com/article/6781,,,,synthetic
coord_g1_01,2026-03-25T06:41:50.949745+00:00,This is really important please share widely,,resist,,,synthetic
organic_015,2026-03-25T06:49:49.262094+00:00,Congratulations to the team!,,,,,synthetic
organic_002,2026-03-25T07:18:04.644376+00:00,Beautiful sunset today,,,,,synthetic
organic_001,2026-03-25T07:23:10.781741+00:00,Happy birthday to my amazing friend!,,,,,synthetic
organic_002,2026-03-25T08:15:13.736459+00:00,Just had the best coffee at this new place downtown,,,,,synthetic
organic_001,2026-03-25T08:21:37.415750+00:00,Can't wait for the weekend,,,,,synthetic
organic_010,2026-03-25T08:28:56.700346+00:00,New album is fire honestly,,life,,,synthetic
organic_007,2026-03-25T08:49:53.939409+00:00,This recipe turned out amazing,,,,,synthetic
organic_015,2026-03-25T09:03:23.540924+00:00,Happy birthday to my amazing friend!,,,,,synthetic
coord_g1_03,2026-03-25T09:48:45.962204+00:00,Crime rates skyrocketing in border states,,,,,synthetic
organic_015,2026-03-25T09:55:59.907669+00:00,New album is fire honestly,,,,,synthetic
coord_g1_03,2026-03-25T10:02:27.346510+00:00,Something big is about to happen stay alert,,,,,synthetic
organic_018,2026-03-25T10:08:27.183755+00:00,Looking forward to vacation next month,,,,,synthetic
organic_006,2026-03-25T10:12:44.564935+00:00,Trying a new workout routine this week,,,,,synthetic
organic_010,2026-03-25T10:17:11.838343+00:00,Just had the best coffee at this new place downtown,,,,,synthetic
organic_006,2026-03-25T10:19:57.633094+00:00,Beautiful sunset today,,,,,synthetic
organic_016,2026-03-25T10:30:43.823540+00:00,Anyone watching the game tonight?,,,,,synthetic
organic_008,2026-03-25T10:45:02.283066+00:00,Monday mood: need more coffee,,,,,synthetic
organic_012,2026-03-25T10:58:12.949052+00:00,This recipe turned out amazing,,,,,synthetic
organic_013,2026-03-25T11:08:03.047676+00:00,Beautiful sunset today,,,,,synthetic
organic_018,2026-03-25T11:15:58.588943+00:00,Just finished reading a great book,,,,,synthetic
organic_003,2026-03-25T11:36:11.448837+00:00,This weather is perfect for a hike,,mood,,,synthetic
organic_008,2026-03-25T11:41:20.623518+00:00,Looking forward to vacation next month,,life,,,synthetic
coord_g1_01,2026-03-25T12:14:54.707309+00:00,Open borders are destroying our communities,,,,,synthetic
organic_011,2026-03-25T12:53:11.293182+00:00,This recipe turned out amazing,,,,,synthetic
organic_002,2026-03-25T13:02:08.268319+00:00,Anyone watching the game tonight?,,,,,synthetic
organic_009,2026-03-25T13:18:24.930514+00:00,New album is fire honestly,,,,,synthetic
coord_g1_01,2026-03-25T13:37:34.980219+00:00,Something big is about to happen stay alert,https://truthnews247.com/article/7410,"technologytruth,immigrationtruth,sharetruth",coord_g1_00,,synthetic
coord_g1_02,2026-03-25T13:38:39.975368+00:00,Millions of illegals flooding in and nobody cares,,"resist,technologytruth,sharetruth",,,synthetic
coord_g1_03,2026-03-25T13:38:51.204809+00:00,Something big is about to happen stay alert,,"sharetruth,sharetruth,technologytruth",,,synthetic
coord_g1_00,2026-03-25T13:40:50.704651+00:00,Something big is about to happen stay alert,https://realfacts.blog/post/3327,"sharetruth,technologytruth,sharetruth",,,synthetic
organic_009,2026-03-25T13:50:41.795357+00:00,This weather is perfect for a hike,,,,,synthetic
organic_018,2026-03-25T14:05:15.689684+00:00,This recipe turned out amazing,,,,,synthetic
organic_001,2026-03-25T14:29:24.830041+00:00,This weather is perfect for a hike,,,,,synthetic
organic_010,2026-03-25T14:35:32.585710+00:00,New album is fire honestly,,,,,synthetic
organic_009,2026-03-25T14:44:16.785233+00:00,Great discussion at today's meetup,,,,,synthetic
organic_008,2026-03-25T15:08:42.821218+00:00,Looking forward to vacation next month,,,,,synthetic
organic_008,2026-03-25T15:19:53.928798+00:00,Looking forward to vacation next month,,vibes,,,synthetic
organic_016,2026-03-25T15:50:48.659466+00:00,This weather is perfect for a hike,,,,,synthetic
organic_012,2026-03-25T16:02:22.110530+00:00,Can't wait for the weekend,,,,,synthetic
organic_012,2026-03-25T16:44:09.416700+00:00,Monday mood: need more coffee,,,,,synthetic
organic_003,2026-03-25T16:57:33.337061+00:00,Traffic is terrible today,,,,,synthetic
organic_017,2026-03-25T17:04:14.025763+00:00,This weather is perfect for a hike,,,,,synthetic
organic_002,2026-03-25T17:19:19.273388+00:00,This weather is perfect for a hike,,,,,synthetic
organic_021,2026-03-25T17:23:13.465596+00:00,Just finished reading a great book,,,,,synthetic
organic_006,2026-03-25T17:46:45.456033+00:00,Happy birthday to my amazing friend!,,fun,,,synthetic
organic_008,2026-03-25T18:18:04.160713+00:00,Traffic is terrible today,,,,,synthetic
coord_g0_03,2026-03-25T18:21:30.936829+00:00,Millions of illegals flooding in and nobody cares,,,,,synthetic
organic_021,2026-03-25T18:29:23.447454+00:00,New album is fire honestly,,,,,synthetic
organic_016,2026-03-25T18:29:43.715683+00:00,Trying a new workout routine this week,,,,,synthetic
organic_016,2026-03-25T18:54:35.070345+00:00,Traffic is terrible today,,,,,synthetic
organic_001,2026-03-25T18:58:39.047988+00:00,Just finished reading a great book,,,,,synthetic
coord_g1_00,2026-03-25T19:00:33.301952+00:00,The mainstream media won't cover this story,,,,,synthetic
organic_010,2026-03-25T19:04:23.014489+00:00,Anyone watching the game tonight?,,,,,synthetic
organic_020,2026-03-25T19:18:26.410058+00:00,Congratulations to the team!,,,,,synthetic
organic_000,2026-03-25T19:31:44.239417+00:00,Just had the best coffee at this new place downtown,,,,,synthetic
organic_007,2026-03-25T20:20:59.733719+00:00,This recipe turned out amazing,,,,,synthetic
organic_005,2026-03-25T20:27:41.956152+00:00,Looking forward to vacation next month,,,,,synthetic
organic_006,2026-03-25T20:36:24.331567+00:00,This recipe turned out amazing,,,,,synthetic
organic_020,2026-03-25T20:54:15.502690+00:00,Happy birthday to my amazing friend!,,,,,synthetic
organic_006,2026-03-25T21:01:23.939958+00:00,Trying a new workout routine this week,,,,,synthetic
organic_016,2026-03-25T21:15:31.277977+00:00,Beautiful sunset today,,,,,synthetic
organic_011,2026-03-25T21:43:15.992184+00:00,Trying a new workout routine this week,,,,,synthetic
organic_018,2026-03-25T21:46:55.516586+00:00,Beautiful sunset today,,,,,synthetic
organic_006,2026-03-25T21:47:10.717972+00:00,Looking forward to vacation next month,,,,,synthetic
organic_011,2026-03-25T21:51:44.983674+00:00,This weather is perfect for a hike,,,,,synthetic
organic_005,2026-03-25T22:02:49.628861+00:00,Just finished reading a great book,,,,,synthetic
organic_001,2026-03-25T22:18:47.878630+00:00,Trying a new workout routine this week,,,,,synthetic
organic_014,2026-03-25T22:34:37.304860+00:00,Looking forward to vacation next month,,,,,synthetic
organic_004,2026-03-25T22:39:11.634676+00:00,Can't wait for the weekend,,,,,synthetic
coord_g1_02,2026-03-25T23:21:27.913345+00:00,Can't believe more people aren't talking about this,,,,,synthetic
organic_005,2026-03-25T23:39:36.174800+00:00,Anyone watching the game tonight?,,,,,synthetic
coord_g0_01,2026-03-25T23:42:45.441382+00:00,Millions of illegals flooding in and nobody cares,https://uncensored-report.com/6467,"wakeup,breaking,immigrationtruth",,,synthetic
coord_g0_00,2026-03-25T23:42:50.433101+00:00,Crime rates skyrocketing in border states,,,,,synthetic
coord_g0_03,2026-03-25T23:42:53.789614+00:00,Can't believe more people aren't talking about this,https://uncensored-report.com/4909,,coord_g0_00,,synthetic
coord_g0_02,2026-03-25T23:45:50.314641+00:00,Wake up and share this with everyone you know,,,coord_g0_01,,synthetic
organic_009,2026-03-25T23:49:35.813377+00:00,Looking forward to vacation next month,,,,,synthetic
organic_016,2026-03-25T23:54:41.725188+00:00,New album is fire honestly,,,,,synthetic
coord_g1_00,2026-03-26T00:03:09.720685+00:00,Wake up and share this with everyone you know,,,,,synthetic
coord_g1_02,2026-03-26T00:04:00.925121+00:00,Crime rates skyrocketing in border states,,,,,synthetic
organic_010,2026-03-26T00:31:45.266001+00:00,Beautiful sunset today,,,,,synthetic
organic_011,2026-03-26T00:38:30.218530+00:00,Happy birthday to my amazing friend!,,,,,synthetic
coord_g1_00,2026-03-26T01:50:13.147997+00:00,They want cheap labor and don't care about you,,"sharetruth,resist",,,synthetic
coord_g1_03,2026-03-26T01:51:24.018871+00:00,Something big is about to happen stay alert,https://truthnews247.com/article/7410,"sharetruth,immigrationtruth,resist",,,synthetic
coord_g1_02,2026-03-26T01:52:21.875996+00:00,Open borders are destroying our communities,,,,,synthetic
coord_g1_01,2026-03-26T01:55:09.140415+00:00,The mainstream media won't cover this story,https://patriotwatch.net/breaking/3830,"sharetruth,sharetruth",,,synthetic
coord_g0_01,2026-03-26T01:55:35.355725+00:00,The mainstream media won't cover this story,,"immigrationtruth,resist",,,synthetic
organic_009,2026-03-26T02:03:02.345237+00:00,This recipe turned out amazing,,fun,,,synthetic
organic_014,2026-03-26T02:07:53.903767+00:00,Trying a new workout routine this week,,,,,synthetic
coord_g0_02,2026-03-26T02:20:38.643675+00:00,Open borders are destroying our communities,,"breaking,immigrationtruth,resist",,,synthetic
coord_g0_03,2026-03-26T02:21:40.060945+00:00,Millions of illegals flooding in and nobody cares,,"resist,immigrationtruth,climatetruth",,coord_g0_00,synthetic
coord_g0_00,2026-03-26T02:22:33.599350+00:00,The mainstream media won't cover this story,https://patriotwatch.net/breaking/3323,"immigrationtruth,climatetruth,breaking",,,synthetic
coord_g0_01,2026-03-26T02:23:53.930284+00:00,Millions of illegals flooding in and nobody cares,,,,,synthetic
organic_003,2026-03-26T02:41:23.601030+00:00,This recipe turned out amazing,,,,,synthetic
coord_g1_03,2026-03-26T02:45:59.161769+00:00,The mainstream media won't cover this story,https://realfacts.blog/post/4013,"technologytruth,resist,immigrationtruth",,,synthetic
coord_g1_00,2026-03-26T02:48:09.494832+00:00,Open borders are destroying our communities,https://truthnews247.com/article/3284,,,,synthetic
coord_g1_01,2026-03-26T02:49:55.446750+00:00,This is really important please share widely,,,,,synthetic
coord_g1_02,2026-03-26T02:50:56.550401+00:00,Open borders are destroying our communities,https://uncensored-report.com/6526,"immigrationtruth,resist",,,synthetic
organic_019,2026-03-26T03:31:07.198922+00:00,Traffic is terrible today,,mood,,,synthetic
organic_001,2026-03-26T03:56:04.668605+00:00,Looking forward to vacation next month,,,,,synthetic
organic_013,2026-03-26T04:00:33.683931+00:00,Traffic is terrible today,,,,,synthetic
organic_004,2026-03-26T04:07:30.420072+00:00,Trying a new workout routine this week,,,,,synthetic
organic_002,2026-03-26T04:16:34.611305+00:00,This recipe turned out amazing,,life,,,synthetic
organic_011,2026-03-26T04:18:49.780634+00:00,Just had the best coffee at this new place downtown,,,,,synthetic
organic_003,2026-03-26T04:27:47.478124+00:00,This weather is perfect for a hike,,,,,synthetic
organic_017,2026-03-26T04:29:23.986675+00:00,Monday mood: need more coffee,,,,,synthetic
organic_020,2026-03-26T04:30:47.801375+00:00,This recipe turned out amazing,,,,,synthetic
organic_016,2026-03-26T04:52:22.676989+00:00,Traffic is terrible today,,love,,,synthetic
coord_g1_03,2026-03-26T04:55:28.038230+00:00,Millions of illegals flooding in and nobody cares,,"technologytruth,sharetruth",,,synthetic
organic_005,2026-03-26T05:17:25.413957+00:00,This recipe turned out amazing,,,,,synthetic
coord_g1_01,2026-03-26T05:25:16.365110+00:00,Wake up and share this with everyone you know,,sharetruth,,,synthetic
coord_g1_03,2026-03-26T05:25:41.781678+00:00,Crime rates skyrocketing in border states,,"technologytruth,sharetruth",,,synthetic
organic_016,2026-03-26T05:26:23.744854+00:00,Great discussion at today's meetup,,,,,synthetic
organic_010,2026-03-26T05:26:24.086286+00:00,This weather is perfect for a hike,,,,,synthetic
coord_g1_00,2026-03-26T05:27:27.788508+00:00,Can't believe more people aren't talking about this,https://patriotwatch.net/breaking/6314,resist,,,synthetic
coord_g1_02,2026-03-26T05:28:35.679558+00:00,They don't want you to know the truth,,"resist,immigrationtruth,technologytruth",,,synthetic
organic_004,2026-03-26T06:32:17.586049+00:00,Congratulations to the team!,,,,,synthetic
organic_003,2026-03-26T06:36:59.863230+00:00,New album is fire honestly,,,,,synthetic
organic_018,2026-03-26T06:38:06.943537+00:00,Congratulations to the team!,,,,,synthetic
organic_004,2026-03-26T07:11:05.031185+00:00,Looking forward to vacation next month,,,,,synthetic
organic_013,2026-03-26T07:27:06.776616+00:00,Monday mood: need more coffee,,,,,synthetic
organic_019,2026-03-26T08:27:26.395298+00:00,Beautiful sunset today,,,,,synthetic
organic_006,2026-03-26T08:29:34.834698+00:00,Can't wait for the weekend,,,,,synthetic
coord_g1_01,2026-03-26T08:30:58.386615+00:00,They don't want you to know the truth,,"resist,sharetruth",,,synthetic
organic_013,2026-03-26T08:38:28.461723+00:00,This weather is perfect for a hike,,,,,synthetic
coord_g1_00,2026-03-26T08:52:13.258153+00:00,They don't want you to know the truth,,"technologytruth,sharetruth",,,synthetic
coord_g1_03,2026-03-26T08:53:29.934001+00:00,Can't believe more people aren't talking about this,https://realfacts.blog/post/3327,immigrationtruth,,,synthetic
organic_002,2026-03-26T08:53:47.743690+00:00,Traffic is terrible today,,,,,synthetic
coord_g1_01,2026-03-26T08:53:52.485365+00:00,Open borders are destroying our communities,https://patriotwatch.net/breaking/7426,resist,,coord_g1_00,synthetic
coord_g1_02,2026-03-26T08:55:25.578411+00:00,Crime rates skyrocketing in border states,https://realfacts.blog/post/7544,"technologytruth,sharetruth",,,synthetic
organic_017,2026-03-26T08:56:47.574837+00:00,New album is fire honestly,,,,,synthetic
organic_007,2026-03-26T09:07:41.359741+00:00,Can't wait for the weekend,,,,,synthetic
organic_020,2026-03-26T09:20:44.772161+00:00,Trying a new workout routine this week,,,,,synthetic
organic_021,2026-03-26T09:20:48.634040+00:00,Looking forward to vacation next month,,,,,synthetic
organic_008,2026-03-26T09:26:39.907735+00:00,This weather is perfect for a hike,,,,,synthetic
coord_g1_00,2026-03-26T09:32:12.622287+00:00,They don't want you to know the truth,,"technologytruth,resist",,,synthetic
organic_002,2026-03-26T09:45:46.417115+00:00,Anyone watching the game tonight?,,,,,synthetic
organic_005,2026-03-26T10:09:34.600189+00:00,Traffic is terrible today,,,,,synthetic
organic_008,2026-03-26T10:11:20.565881+00:00,This weather is perfect for a hike,,,,,synthetic
organic_002,2026-03-26T10:42:55.638722+00:00,Just finished reading a great book,,,,,synthetic
organic_021,2026-03-26T11:12:47.104567+00:00,Anyone watching the game tonight?,,,,,synthetic
organic_008,2026-03-26T11:18:07.826228+00:00,Great discussion at today's meetup,,,,,synthetic
organic_003,2026-03-26T11:39:04.401251+00:00,Congratulations to the team!,,,,,synthetic
organic_001,2026-03-26T11:44:25.341353+00:00,Anyone watching the game tonight?,,mood,,,synthetic
organic_015,2026-03-26T11:48:26.711063+00:00,Can't wait for the weekend,,,,,synthetic
organic_002,2026-03-26T11:50:28.651277+00:00,Anyone watching the game tonight?,,,,,synthetic
coord_g0_02,2026-03-26T11:51:07.220871+00:00,Millions of illegals flooding in and nobody cares,,breaking,,,synthetic
organic_021,2026-03-26T11:55:19.956731+00:00,Beautiful sunset today,,,,,synthetic
organic_007,2026-03-26T11:59:19.058699+00:00,Happy birthday to my amazing friend!,,,,,synthetic
organic_016,2026-03-26T12:35:39.295564+00:00,Great discussion at today's meetup,,,,,synthetic
organic_018,2026-03-26T12:52:23.345798+00:00,Just had the best coffee at this new place downtown,,,,,synthetic
organic_012,2026-03-26T12:54:30.490307+00:00,This recipe turned out amazing,,mood,,,synthetic
organic_008,2026-03-26T13:00:01.900729+00:00,Congratulations to the team!,,,,,synthetic
organic_002,2026-03-26T13:00:03.230359+00:00,Congratulations to the team!,,,,,synthetic
organic_006,2026-03-26T13:00:43.943852+00:00,Congratulations to the team!,,,,,synthetic
organic_008,2026-03-26T13:20:42.677024+00:00,Congratulations to the team!,,,,,synthetic
organic_013,2026-03-26T14:02:36.523453+00:00,Just had the best coffee at this new place downtown,,mood,,,synthetic
organic_021,2026-03-26T14:21:23.059874+00:00,Trying a new workout routine this week,,,,,synthetic
coord_g1_02,2026-03-26T14:22:13.309290+00:00,Millions of illegals flooding in and nobody cares,,,,,synthetic
organic_015,2026-03-26T14:26:40.312139+00:00,Happy birthday to my amazing friend!,,vibes,,,synthetic
organic_014,2026-03-26T14:27:59.757029+00:00,Congratulations to the team!,,,,,synthetic
organic_006,2026-03-26T14:36:02.453140+00:00,Just finished reading a great book,,,,,synthetic
organic_015,2026-03-26T14:53:00.963553+00:00,Anyone watching the game tonight?,,,,,synthetic
organic_006,2026-03-26T14:59:33.247188+00:00,New album is fire honestly,,,,,synthetic
organic_010,2026-03-26T15:04:39.903119+00:00,Traffic is terrible today,,,,,synthetic
coord_g0_03,2026-03-26T15:13:43.548093+00:00,Another day another cover up by the elites,,,,,synthetic
organic_016,2026-03-26T15:17:57.295016+00:00,Congratulations to the team!,,,,,synthetic
organic_013,2026-03-26T15:37:19.452691+00:00,Can't wait for the weekend,,,,,synthetic
organic_005,2026-03-26T15:39:53.211167+00:00,Trying a new workout routine this week,,mood,,,synthetic
coord_g1_02,2026-03-26T15:43:35.984725+00:00,Wake up and share this with everyone you know,,,,,synthetic
coord_g0_00,2026-03-26T15:54:46.011658+00:00,Millions of illegals flooding in and nobody cares,,,,,synthetic
organic_014,2026-03-26T16:07:57.193497+00:00,Traffic is terrible today,,goals,,,synthetic
organic_005,2026-03-26T16:21:21.510266+00:00,This recipe turned out amazing,,,,,synthetic
organic_009,2026-03-26T16:36:10.101858+00:00,This weather is perfect for a hike,,,,,synthetic
organic_014,2026-03-26T17:18:39.032742+00:00,Traffic is terrible today,,,,,synthetic
coord_g1_00,2026-03-26T17:43:23.352556+00:00,Millions of illegals flooding in and nobody cares,,,,,synthetic
coord_g0_00,2026-03-26T17:47:24.234286+00:00,Open borders are destroying our communities,,,,,synthetic
organic_004,2026-03-26T17:49:24.338801+00:00,This weather is perfect for a hike,,,,,synthetic
organic_004,2026-03-26T17:55:33.827646+00:00,Congratulations to the team!,,mood,,,synthetic
organic_007,2026-03-26T17:59:48.594739+00:00,Can't wait for the weekend,,,,,synthetic
organic_016,2026-03-26T19:04:04.576207+00:00,New album is fire honestly,,,,,synthetic
organic_015,2026-03-26T19:40:15.329592+00:00,Great discussion at today's meetup,,,,,synthetic
organic_002,2026-03-26T19:43:20.189727+00:00,Monday mood: need more coffee,,goals,,,synthetic
organic_001,2026-03-26T19:51:14.441244+00:00,Anyone watching the game tonight?,,,,,synthetic
organic_021,2026-03-26T20:01:14.218974+00:00,Happy birthday to my amazing friend!,,,,,synthetic
organic_010,2026-03-26T21:02:40.599844+00:00,Happy birthday to my amazing friend!,,vibes,,,synthetic
organic_006,2026-03-26T21:14:35.124298+00:00,Congratulations to the team!,,,,,synthetic
organic_013,2026-03-26T21:31:23.500699+00:00,Looking forward to vacation next month,,,,,synthetic
coord_g0_00,2026-03-26T21:42:23.251338+00:00,Another day another cover up by the elites,,,,,synthetic
organic_003,2026-03-26T21:43:45.746747+00:00,New album is fire honestly,,fun,,,synthetic
organic_004,2026-03-26T21:46:24.765750+00:00,Monday mood: need more coffee,,,,,synthetic
organic_021,2026-03-26T21:55:03.520088+00:00,Beautiful sunset today,,,,,synthetic
organic_014,2026-03-26T22:05:31.891160+00:00,Trying a new workout routine this week,,,,,synthetic
organic_015,2026-03-26T22:09:37.540587+00:00,Traffic is terrible today,,,,,synthetic
organic_013,2026-03-26T22:27:59.463374+00:00,Traffic is terrible today,,,,,synthetic
organic_013,2026-03-26T22:33:06.089620+00:00,Can't wait for the weekend,,vibes,,,synthetic
organic_007,2026-03-26T22:34:51.718949+00:00,New album is fire honestly,,goals,,,synthetic
organic_007,2026-03-26T22:41:30.419719+00:00,Looking forward to vacation next month,,,,,synthetic
organic_015,2026-03-26T22:55:20.086496+00:00,Congratulations to the team!,,,,,synthetic
organic_001,2026-03-26T23:05:18.498204+00:00,Great discussion at today's meetup,,,,,synthetic
coord_g0_00,2026-03-26T23:08:38.050185+00:00,They want cheap labor and don't care about you,,,,,synthetic
organic_003,2026-03-26T23:43:39.953827+00:00,Great discussion at today's meetup,,fun,,,synthetic
organic_012,2026-03-27T00:00:35.657713+00:00,Congratulations to the team!,,,,,synthetic
coord_g1_00,2026-03-27T00:03:24.623803+00:00,The mainstream media won't cover this story,,sharetruth,,,synthetic
organic_013,2026-03-27T00:19:03.309876+00:00,Can't wait for the weekend,,,,,synthetic
organic_021,2026-03-27T00:25:12.399713+00:00,Monday mood: need more coffee,,,,,synthetic
organic_013,2026-03-27T00:25:44.327972+00:00,Trying a new workout routine this week,,,,,synthetic
coord_g0_01,2026-03-27T00:50:45.634961+00:00,They want cheap labor and don't care about you,,breaking,,,synthetic
organic_004,2026-03-27T01:06:22.189871+00:00,Anyone watching the game tonight?,,,,,synthetic
organic_012,2026-03-27T01:27:32.978098+00:00,This recipe turned out amazing,,,,,synthetic
organic_000,2026-03-27T01:38:05.608641+00:00,Congratulations to the team!,,fun,,,synthetic
organic_016,2026-03-27T01:38:21.705819+00:00,Beautiful sunset today,,,,,synthetic
coord_g0_02,2026-03-27T01:49:25.954992+00:00,They don't want you to know the truth,,,,,synthetic
organic_012,2026-03-27T02:33:36.361164+00:00,New album is fire honestly,,,,,synthetic
organic_017,2026-03-27T02:36:39.170447+00:00,Can't wait for the weekend,,,,,synthetic
coord_g0_01,2026-03-27T02:37:54.084966+00:00,They want cheap labor and don't care about you,,,,,synthetic
organic_019,2026-03-27T02:39:02.545029+00:00,Monday mood: need more coffee,,goals,,,synthetic
organic_005,2026-03-27T03:18:50.379078+00:00,Monday mood: need more coffee,,,,,synthetic
organic_021,2026-03-27T03:51:24.727461+00:00,Trying a new workout routine this week,,,,,synthetic
organic_006,2026-03-27T04:05:10.443820+00:00,Great discussion at today's meetup,,,,,synthetic
coord_g1_00,2026-03-27T04:19:55.232668+00:00,Another day another cover up by the elites,,,,,synthetic
organic_003,2026-03-27T05:18:18.856608+00:00,Can't wait for the weekend,,,,,synthetic
organic_008,2026-03-27T05:19:51.092943+00:00,Happy birthday to my amazing friend!,,,,,synthetic
organic_001,2026-03-27T05:37:10.132663+00:00,New album is fire honestly,,,,,synthetic
organic_016,2026-03-27T06:04:20.438284+00:00,This weather is perfect for a hike,,,,,synthetic
organic_015,2026-03-27T06:21:26.580050+00:00,Anyone watching the game tonight?,,,,,synthetic
organic_011,2026-03-27T06:31:31.492462+00:00,Happy birthday to my amazing friend!,,,,,synthetic
organic_000,2026-03-27T06:32:03.258780+00:00,Anyone watching the game tonight?,,love,,,synthetic
organic_018,2026-03-27T07:03:45.432285+00:00,Just had the best coffee at this new place downtown,,,,,synthetic
organic_009,2026-03-27T07:18:17.699092+00:00,Happy birthday to my amazing friend!,,,,,synthetic
organic_015,2026-03-27T07:20:03.884256+00:00,Beautiful sunset today,,,,,synthetic
organic_000,2026-03-27T07:35:47.260408+00:00,This weather is perfect for a hike,,vibes,,,synthetic
coord_g1_02,2026-03-27T07:39:55.701409+00:00,Crime rates skyrocketing in border states,,,,,synthetic
organic_014,2026-03-27T08:12:12.297436+00:00,Can't wait for the weekend,,,,,synthetic
coord_g0_02,2026-03-27T08:38:38.931921+00:00,Can't believe more people aren't talking about this,,,,,synthetic
coord_g0_02,2026-03-27T08:40:51.738126+00:00,The mainstream media won't cover this story,,,,,synthetic
organic_018,2026-03-27T08:50:53.498480+00:00,Just finished reading a great book,,mood,,,synthetic
organic_008,2026-03-27T08:56:15.018859+00:00,Monday mood: need more coffee,,love,,,synthetic
organic_007,2026-03-27T09:16:20.870085+00:00,Monday mood: need more coffee,,life,,,synthetic
organic_006,2026-03-27T09:33:44.450489+00:00,Congratulations to the team!,,,,,synthetic
coord_g0_03,2026-03-27T10:02:45.606942+00:00,Crime rates skyrocketing in border states,,,,,synthetic
organic_008,2026-03-27T10:21:51.487941+00:00,Traffic is terrible today,,,,,synthetic
organic_019,2026-03-27T10:43:02.095300+00:00,Trying a new workout routine this week,,,,,synthetic
coord_g1_03,2026-03-27T11:10:48.077429+00:00,The mainstream media won't cover this story,https://freedomdaily.org/expose/3120,"immigrationtruth,technologytruth,resist",,,synthetic
coord_g1_00,2026-03-27T11:11:32.529749+00:00,Another day another cover up by the elites,https://patriotwatch.net/breaking/3830,technologytruth,,,synthetic
coord_g1_02,2026-03-27T11:14:21.761352+00:00,Wake up and share this with everyone you know,https://freedomdaily.org/expose/3120,"technologytruth,sharetruth,resist",coord_g1_01,,synthetic
coord_g1_01,2026-03-27T11:17:02.016018+00:00,Wake up and share this with everyone you know,https://truthnews247.com/article/6781,,,,synthetic
organic_004,2026-03-27T11:17:15.460013+00:00,Trying a new workout routine this week,,mood,,,synthetic
organic_013,2026-03-27T11:41:09.785626+00:00,Beautiful sunset today,,,,,synthetic
coord_g1_01,2026-03-27T11:43:34.170258+00:00,Something big is about to happen stay alert,,,,,synthetic
organic_009,2026-03-27T11:49:29.912337+00:00,Monday mood: need more coffee,,,,,synthetic
organic_021,2026-03-27T12:27:11.119094+00:00,Just had the best coffee at this new place downtown,,,,,synthetic
organic_011,2026-03-27T12:41:51.966028+00:00,This recipe turned out amazing,,,,,synthetic
coord_g1_00,2026-03-27T13:00:33.832227+00:00,Another day another cover up by the elites,,,,,synthetic
coord_g1_03,2026-03-27T13:15:59.341101+00:00,Millions of illegals flooding in and nobody cares,,,,,synthetic
organic_014,2026-03-27T13:22:31.903562+00:00,Beautiful sunset today,,fun,,,synthetic
organic_001,2026-03-27T13:24:52.827009+00:00,This recipe turned out amazing,,,,,synthetic
organic_001,2026-03-27T14:01:58.985138+00:00,Anyone watching the game tonight?,,,,,synthetic
coord_g1_02,2026-03-27T14:02:41.448571+00:00,They want cheap labor and don't care about you,,,,,synthetic
coord_g1_03,2026-03-27T14:03:17.865575+00:00,They want cheap labor and don't care about you,https://realfacts.blog/post/7544,"sharetruth,sharetruth,immigrationtruth",,,synthetic
coord_g1_00,2026-03-27T14:04:51.923181+00:00,The mainstream media won't cover this story,,"technologytruth,immigrationtruth,sharetruth",,,synthetic
coord_g1_01,2026-03-27T14:05:46.057782+00:00,Another day another cover up by the elites,,"sharetruth,immigrationtruth",,,synthetic
organic_006,2026-03-27T14:24:34.307890+00:00,Beautiful sunset today,,mood,,,synthetic
organic_005,2026-03-27T14:56:16.086000+00:00,New album is fire honestly,,mood,,,synthetic
organic_018,2026-03-27T15:17:26.326872+00:00,Just finished reading a great book,,,,,synthetic
organic_021,2026-03-27T15:27:31.658212+00:00,This weather is perfect for a hike,,,,,synthetic
organic_017,2026-03-27T15:38:41.759996+00:00,This weather is perfect for a hike,,,,,synthetic
organic_007,2026-03-27T16:05:08.998378+00:00,Happy birthday to my amazing friend!,,,,,synthetic
organic_000,2026-03-27T16:07:35.509508+00:00,This recipe turned out amazing,,,,,synthetic
organic_018,2026-03-27T16:33:29.154867+00:00,This weather is perfect for a hike,,,,,synthetic
organic_015,2026-03-27T16:50:06.025783+00:00,Happy birthday to my amazing friend!,,,,,synthetic
organic_002,2026-03-27T17:00:20.603882+00:00,Congratulations to the team!,,,,,synthetic
coord_g0_02,2026-03-27T17:07:39.145267+00:00,They want cheap labor and don't care about you,https://truthnews247.com/article/8775,,,,synthetic
coord_g0_01,2026-03-27T17:08:49.500629+00:00,Crime rates skyrocketing in border states,https://realfacts.blog/post/9245,"immigrationtruth,breaking",,,synthetic
coord_g1_03,2026-03-27T17:08:52.793743+00:00,Millions of illegals flooding in and nobody cares,,resist,,,synthetic
coord_g0_03,2026-03-27T17:10:34.868083+00:00,Crime rates skyrocketing in border states,https://uncensored-report.com/2261,,,,synthetic
coord_g0_00,2026-03-27T17:13:44.061252+00:00,They don't want you to know the truth,https://realfacts.blog/post/6162,,,,synthetic
organic_014,2026-03-27T17:20:41.162559+00:00,Just finished reading a great book,,vibes,,,synthetic
coord_g0_01,2026-03-27T17:21:01.835582+00:00,They don't want you to know the truth,,"wakeup,resist",,,synthetic
organic_007,2026-03-27T17:28:06.568846+00:00,Happy birthday to my amazing friend!,,life,,,synthetic
organic_004,2026-03-27T17:38:59.200213+00:00,Beautiful sunset today,,,,,synthetic
coord_g0_00,2026-03-27T17:57:19.049648+00:00,Wake up and share this with everyone you know,,,,,synthetic
coord_g1_02,2026-03-27T19:06:57.635583+00:00,Millions of illegals flooding in and nobody cares,,,,,synthetic
coord_g0_00,2026-03-27T19:21:04.922749+00:00,Open borders are destroying our communities,,,,,synthetic
organic_011,2026-03-27T19:48:10.557864+00:00,This recipe turned out amazing,,,,,synthetic
organic_017,2026-03-27T20:04:08.079899+00:00,Happy birthday to my amazing friend!,,,,,synthetic
organic_008,2026-03-27T20:23:27.289226+00:00,Anyone watching the game tonight?,,,,,synthetic
organic_012,2026-03-27T20:47:21.570215+00:00,Looking forward to vacation next month,,,,,synthetic
organic_000,2026-03-27T20:47:42.543035+00:00,Beautiful sunset today,,life,,,synthetic
organic_020,2026-03-27T20:51:30.556884+00:00,Just had the best coffee at this new place downtown,,life,,,synthetic
organic_017,2026-03-27T21:03:03.492597+00:00,Traffic is terrible today,,,,,synthetic
coord_g0_01,2026-03-27T21:08:54.973339+00:00,They don't want you to know the truth,,climatetruth,,,synthetic
organic_020,2026-03-27T21:16:34.241273+00:00,Looking forward to vacation next month,,,,,synthetic
organic_019,2026-03-27T21:17:04.470093+00:00,Great discussion at today's meetup,,,,,synthetic
organic_001,2026-03-27T21:17:10.929087+00:00,Traffic is terrible today,,fun,,,synthetic
coord_g0_00,2026-03-27T21:23:03.064866+00:00,Open borders are destroying our communities,,"wakeup,resist",,,synthetic
organic_000,2026-03-27T21:31:38.588792+00:00,Can't wait for the weekend,,fun,,,synthetic
organic_015,2026-03-27T21:34:58.059718+00:00,New album is fire honestly,,,,,synthetic
organic_019,2026-03-27T21:44:13.717718+00:00,Congratulations to the team!,,,,,synthetic
organic_019,2026-03-27T22:40:55.268800+00:00,Looking forward to vacation next month,,,,,synthetic
organic_018,2026-03-27T22:54:26.995972+00:00,Trying a new workout routine this week,,,,,synthetic
coord_g0_02,2026-03-27T23:48:43.673592+00:00,Crime rates skyrocketing in border states,,"resist,climatetruth,breaking",,,synthetic
coord_g0_03,2026-03-27T23:49:34.230834+00:00,They don't want you to know the truth,https://patriotwatch.net/breaking/6747,,,,synthetic
coord_g0_01,2026-03-27T23:51:44.218266+00:00,Open borders are destroying our communities,,immigrationtruth,,,synthetic
coord_g0_00,2026-03-27T23:51:58.133950+00:00,Another day another cover up by the elites,,climatetruth,,,synthetic
coord_g0_01,2026-03-28T00:10:32.214235+00:00,Another day another cover up by the elites,,,,,synthetic
organic_004,2026-03-28T00:24:29.358215+00:00,Traffic is terrible today,,,,,synthetic
coord_g0_00,2026-03-28T00:42:39.483326+00:00,Millions of illegals flooding in and nobody cares,,,,,synthetic
coord_g0_03,2026-03-28T00:44:17.972601+00:00,Another day another cover up by the elites,,resist,,,synthetic
coord_g0_01,2026-03-28T00:44:46.404515+00:00,They want cheap labor and don't care about you,https://uncensored-report.com/8516,,,,synthetic
organic_009,2026-03-28T00:44:48.995348+00:00,Great discussion at today's meetup,,,,,synthetic
coord_g0_02,2026-03-28T00:46:01.665654+00:00,Millions of illegals flooding in and nobody cares,,,,,synthetic
organic_010,2026-03-28T00:47:44.522332+00:00,New album is fire honestly,,,,,synthetic
organic_003,2026-03-28T01:11:34.365928+00:00,Trying a new workout routine this week,,,,,synthetic
organic_002,2026-03-28T01:15:12.698068+00:00,Just finished reading a great book,,,,,synthetic
organic_008,2026-03-28T01:19:24.942502+00:00,Monday mood: need more coffee,,,,,synthetic
organic_014,2026-03-28T01:28:19.217015+00:00,Anyone watching the game tonight?,,,,,synthetic
organic_020,2026-03-28T01:51:54.698815+00:00,Great discussion at today's meetup,,,,,synthetic
organic_019,2026-03-28T01:55:34.178333+00:00,Happy birthday to my amazing friend!,,,,,synthetic
organic_014,2026-03-28T02:16:01.624801+00:00,Trying a new workout routine this week,,,,,synthetic
organic_011,2026-03-28T02:27:27.074014+00:00,Congratulations to the team!,,,,,synthetic
organic_007,2026-03-28T02:36:37.304656+00:00,Beautiful sunset today,,,,,synthetic
organic_013,2026-03-28T02:57:28.166610+00:00,Beautiful sunset today,,,,,synthetic
coord_g1_02,2026-03-28T03:02:39.814659+00:00,Millions of illegals flooding in and nobody cares,,,,,synthetic
organic_000,2026-03-28T03:31:48.167160+00:00,Great discussion at today's meetup,,,,,synthetic
organic_011,2026-03-28T03:44:43.156757+00:00,Traffic is terrible today,,,,,synthetic
organic_020,2026-03-28T03:53:47.603072+00:00,Just had the best coffee at this new place downtown,,,,,synthetic
organic_007,2026-03-28T04:06:23.321233+00:00,Great discussion at today's meetup,,,,,synthetic
organic_000,2026-03-28T04:07:25.968315+00:00,Anyone watching the game tonight?,,,,,synthetic
organic_001,2026-03-28T04:13:16.676327+00:00,Traffic is terrible today,,,,,synthetic
organic_013,2026-03-28T04:29:57.264471+00:00,Trying a new workout routine this week,,,,,synthetic
organic_008,2026-03-28T04:37:37.877132+00:00,Looking forward to vacation next month,,,,,synthetic
organic_017,2026-03-28T04:51:19.828643+00:00,This recipe turned out amazing,,,,,synthetic
coord_g0_00,2026-03-28T04:58:05.220606+00:00,They want cheap labor and don't care about you,,,,,synthetic
organic_003,2026-03-28T05:38:08.907846+00:00,Traffic is terrible today,,vibes,,,synthetic
organic_014,2026-03-28T05:40:23.372999+00:00,Happy birthday to my amazing friend!,,,,,synthetic
organic_007,2026-03-28T05:44:29.313310+00:00,Can't wait for the weekend,,,,,synthetic
organic_006,2026-03-28T05:57:04.411809+00:00,Traffic is terrible today,,,,,synthetic
coord_g0_00,2026-03-28T06:01:06.242943+00:00,They want cheap labor and don't care about you,,"climatetruth,immigrationtruth",,,synthetic
organic_001,2026-03-28T06:42:02.470850+00:00,Traffic is terrible today,,,,,synthetic
organic_009,2026-03-28T06:45:51.635168+00:00,Congratulations to the team!,,,,,synthetic
organic_017,2026-03-28T07:14:31.567559+00:00,Just finished reading a great book,,,,,synthetic
coord_g1_01,2026-03-28T07:20:27.454396+00:00,They want cheap labor and don't care about you,,,,,synthetic
organic_006,2026-03-28T08:15:06.992052+00:00,Looking forward to vacation next month,,,,,synthetic
organic_017,2026-03-28T08:20:07.679225+00:00,New album is fire honestly,,,,,synthetic
organic_001,2026-03-28T08:23:26.982814+00:00,Traffic is terrible today,,goals,,,synthetic
coord_g1_02,2026-03-28T09:14:13.910596+00:00,Open borders are destroying our communities,,,,,synthetic
organic_003,2026-03-28T09:19:08.084171+00:00,Just had the best coffee at this new place downtown,,,,,synthetic
organic_020,2026-03-28T09:21:51.818701+00:00,Monday mood: need more coffee,,,,,synthetic
organic_003,2026-03-28T09:43:35.427960+00:00,Trying a new workout routine this week,,,,,synthetic
organic_011,2026-03-28T10:06:59.260695+00:00,Looking forward to vacation next month,,vibes,,,synthetic
coord_g0_03,2026-03-28T10:12:52.064457+00:00,Crime rates skyrocketing in border states,https://truthnews247.com/article/8775,"breaking,wakeup,resist",,,synthetic
coord_g0_00,2026-03-28T10:12:59.531417+00:00,Open borders are destroying our communities,https://freedomdaily.org/expose/8811,"resist,breaking,immigrationtruth",,,synthetic
organic_016,2026-03-28T10:13:59.059364+00:00,Congratulations to the team!,,,,,synthetic
coord_g0_01,2026-03-28T10:15:54.221314+00:00,The mainstream media won't cover this story,,,,,synthetic
coord_g0_02,2026-03-28T10:16:24.819293+00:00,They don't want you to know the truth,,,,,synthetic
organic_004,2026-03-28T10:29:28.453300+00:00,Traffic is terrible today,,,,,synthetic
organic_015,2026-03-28T11:04:00.374747+00:00,Just had the best coffee at this new place downtown,,,,,synthetic
organic_019,2026-03-28T11:15:15.048867+00:00,This weather is perfect for a hike,,,,,synthetic
organic_001,2026-03-28T11:19:40.697629+00:00,Just finished reading a great book,,,,,synthetic
organic_007,2026-03-28T11:40:41.866314+00:00,Can't wait for the weekend,,,,,synthetic
organic_000,2026-03-28T12:55:40.293434+00:00,Beautiful sunset today,,,,,synthetic
organic_020,2026-03-28T13:06:20.406292+00:00,Traffic is terrible today,,mood,,,synthetic
organic_009,2026-03-28T13:07:58.834534+00:00,Just finished reading a great book,,,,,synthetic
organic_009,2026-03-28T13:28:51.250362+00:00,Great discussion at today's meetup,,,,,synthetic
organic_016,2026-03-28T13:42:48.982950+00:00,Monday mood: need more coffee,,,,,synthetic
organic_005,2026-03-28T13:52:20.243667+00:00,This weather is perfect for a hike,,,,,synthetic
organic_021,2026-03-28T13:59:41.394875+00:00,Can't wait for the weekend,,,,,synthetic
organic_007,2026-03-28T14:52:52.527349+00:00,Just had the best coffee at this new place downtown,,,,,synthetic
organic_005,2026-03-28T15:00:33.065411+00:00,This recipe turned out amazing,,,,,synthetic
organic_005,2026-03-28T15:08:52.019045+00:00,Congratulations to the team!,,fun,,,synthetic
organic_015,2026-03-28T15:11:29.319043+00:00,This recipe turned out amazing,,,,,synthetic
organic_007,2026-03-28T15:29:57.421280+00:00,New album is fire honestly,,goals,,,synthetic
organic_001,2026-03-28T15:44:36.010553+00:00,Anyone watching the game tonight?,,life,,,synthetic
organic_002,2026-03-28T15:56:27.744911+00:00,Congratulations to the team!,,,,,synthetic
organic_011,2026-03-28T16:13:42.176204+00:00,Beautiful sunset today,,mood,,,synthetic
organic_006,2026-03-28T16:33:53.813994+00:00,Traffic is terrible today,,,,,synthetic
organic_017,2026-03-28T16:38:02.856901+00:00,Can't wait for the weekend,,,,,synthetic
organic_019,2026-03-28T17:01:25.773223+00:00,Trying a new workout routine this week,,vibes,,,synthetic
organic_007,2026-03-28T18:00:30.405127+00:00,Congratulations to the team!,,,,,synthetic
organic_021,2026-03-28T18:05:57.015910+00:00,Can't wait for the weekend,,,,,synthetic
coord_g0_03,2026-03-28T18:12:31.017372+00:00,Wake up and share this with everyone you know,,"resist,wakeup",,,synthetic
organic_007,2026-03-28T18:17:46.901463+00:00,Trying a new workout routine this week,,love,,,synthetic
organic_013,2026-03-28T18:24:10.669024+00:00,This recipe turned out amazing,,,,,synthetic
organic_021,2026-03-28T18:44:44.803704+00:00,Happy birthday to my amazing friend!,,,,,synthetic
organic_017,2026-03-28T18:45:33.310249+00:00,Traffic is terrible today,,,,,synthetic
organic_013,2026-03-28T19:00:13.893280+00:00,Congratulations to the team!,,,,,synthetic
organic_011,2026-03-28T19:09:22.307796+00:00,Traffic is terrible today,,,,,synthetic
organic_019,2026-03-28T19:17:08.140575+00:00,Anyone watching the game tonight?,,,,,synthetic
organic_017,2026-03-28T19:30:14.189363+00:00,Trying a new workout routine this week,,,,,synthetic
coord_g0_02,2026-03-28T20:13:17.766398+00:00,Another day another cover up by the elites,,wakeup,,,synthetic
organic_020,2026-03-28T20:32:01.149933+00:00,Happy birthday to my amazing friend!,,,,,synthetic
organic_013,2026-03-28T20:37:45.156322+00:00,Happy birthday to my amazing friend!,,,,,synthetic
organic_004,2026-03-28T21:14:33.527210+00:00,Happy birthday to my amazing friend!,,,,,synthetic
organic_016,2026-03-28T22:03:14.736025+00:00,Just finished reading a great book,,,,,synthetic
organic_019,2026-03-28T22:27:26.604720+00:00,This weather is perfect for a hike,,,,,synthetic
organic_015,2026-03-28T22:33:23.861484+00:00,Just had the best coffee at this new place downtown,,,,,synthetic
organic_002,2026-03-28T22:40:21.400413+00:00,Can't wait for the weekend,,,,,synthetic
organic_016,2026-03-28T22:56:17.669128+00:00,Beautiful sunset today,,,,,synthetic
organic_001,2026-03-28T23:20:10.942907+00:00,Can't wait for the weekend,,,,,synthetic
organic_008,2026-03-28T23:26:02.667815+00:00,Just finished reading a great book,,,,,synthetic
coord_g1_00,2026-03-28T23:26:04.063546+00:00,Wake up and share this with everyone you know,,resist,,,synthetic
organic_012,2026-03-28T23:27:07.633877+00:00,Congratulations to the team!,,,,,synthetic
coord_g0_03,2026-03-28T23:28:03.187645+00:00,Something big is about to happen stay alert,,,,,synthetic
organic_013,2026-03-29T00:04:16.594033+00:00,This recipe turned out amazing,,mood,,,synthetic
organic_007,2026-03-29T00:28:55.505635+00:00,Trying a new workout routine this week,,,,,synthetic
organic_010,2026-03-29T00:34:45.359596+00:00,This recipe turned out amazing,,,,,synthetic
organic_002,2026-03-29T00:42:48.656515+00:00,Just finished reading a great book,,,,,synthetic
coord_g1_02,2026-03-29T00:50:13.292718+00:00,They want cheap labor and don't care about you,,sharetruth,,,synthetic
coord_g1_02,2026-03-29T01:01:04.800166+00:00,Open borders are destroying our communities,,,,,synthetic
organic_008,2026-03-29T01:23:09.422939+00:00,Anyone watching the game tonight?,,,,,synthetic
organic_021,2026-03-29T01:30:49.656364+00:00,Congratulations to the team!,,,,,synthetic
organic_007,2026-03-29T01:59:37.395627+00:00,Monday mood: need more coffee,,,,,synthetic
organic_007,2026-03-29T02:09:07.278363+00:00,Monday mood: need more coffee,,,,,synthetic
organic_005,2026-03-29T02:16:38.970562+00:00,Can't wait for the weekend,,,,,synthetic
organic_015,2026-03-29T02:17:14.606309+00:00,Congratulations to the team!,,,,,synthetic
organic_014,2026-03-29T02:32:48.867564+00:00,This weather is perfect for a hike,,,,,synthetic
organic_014,2026-03-29T02:42:31.190357+00:00,Beautiful sunset today,,,,,synthetic
coord_g0_01,2026-03-29T02:47:11.339237+00:00,They want cheap labor and don't care about you,,,,,synthetic
organic_003,2026-03-29T02:50:06.920755+00:00,Just had the best coffee at this new place downtown,,,,,synthetic
organic_012,2026-03-29T03:05:07.333715+00:00,Great discussion at today's meetup,,,,,synthetic
organic_007,2026-03-29T03:22:42.731509+00:00,Anyone watching the game tonight?,,love,,,synthetic
organic_015,2026-03-29T03:34:02.506333+00:00,Happy birthday to my amazing friend!,,,,,synthetic
organic_005,2026-03-29T03:47:12.693877+00:00,Trying a new workout routine this week,,,,,synthetic
coord_g0_03,2026-03-29T03:52:53.002495+00:00,Crime rates skyrocketing in border states,,,,,synthetic
organic_005,2026-03-29T03:54:18.875023+00:00,Anyone watching the game tonight?,,,,,synthetic
organic_017,2026-03-29T03:55:42.903918+00:00,This recipe turned out amazing,,fun,,,synthetic
organic_000,2026-03-29T04:04:12.936325+00:00,New album is fire honestly,,,,,synthetic
organic_000,2026-03-29T04:20:43.664431+00:00,Traffic is terrible today,,,,,synthetic
organic_011,2026-03-29T04:30:13.359347+00:00,Just had the best coffee at this new place downtown,,life,,,synthetic
organic_008,2026-03-29T04:38:37.953816+00:00,Beautiful sunset today,,,,,synthetic
coord_g0_00,2026-03-29T05:06:50.321166+00:00,They don't want you to know the truth,,wakeup,,,synthetic
organic_016,2026-03-29T05:17:32.783713+00:00,This recipe turned out amazing,,,,,synthetic
organic_011,2026-03-29T05:20:46.330681+00:00,Congratulations to the team!,,,,,synthetic
organic_012,2026-03-29T05:42:37.366001+00:00,Traffic is terrible today,,,,,synthetic
organic_000,2026-03-29T05:53:30.856049+00:00,Anyone watching the game tonight?,,,,,synthetic
organic_015,2026-03-29T06:08:32.466434+00:00,Looking forward to vacation next month,,,,,synthetic
organic_001,2026-03-29T06:16:17.464891+00:00,Traffic is terrible today,,,,,synthetic
organic_007,2026-03-29T06:29:34.726074+00:00,Trying a new workout routine this week,,,,,synthetic
organic_020,2026-03-29T06:39:47.314127+00:00,Anyone watching the game tonight?,,,,,synthetic
organic_016,2026-03-29T06:54:14.930809+00:00,New album is fire honestly,,,,,synthetic
organic_000,2026-03-29T07:04:33.535492+00:00,Just had the best coffee at this new place downtown,,,,,synthetic
organic_014,2026-03-29T07:04:49.331583+00:00,Monday mood: need more coffee,,,,,synthetic
coord_g0_03,2026-03-29T07:12:10.337136+00:00,Open borders are destroying our communities,,,,,synthetic
organic_003,2026-03-29T07:17:45.150491+00:00,Traffic is terrible today,,,,,synthetic
organic_012,2026-03-29T07:53:50.314552+00:00,Monday mood: need more coffee,,,,,synthetic
organic_003,2026-03-29T08:17:15.196992+00:00,Great discussion at today's meetup,,,,,synthetic
organic_003,2026-03-29T08:45:58.586858+00:00,Looking forward to vacation next month,,,,,synthetic
organic_008,2026-03-29T09:01:48.980489+00:00,Just finished reading a great book,,,,,synthetic
coord_g1_00,2026-03-29T09:13:03.475867+00:00,The mainstream media won't cover this story,,immigrationtruth,,,synthetic
organic_004,2026-03-29T09:21:16.139647+00:00,Congratulations to the team!,,,,,synthetic
organic_014,2026-03-29T09:24:45.394690+00:00,Anyone watching the game tonight?,,,,,synthetic
organic_015,2026-03-29T09:36:21.284314+00:00,This weather is perfect for a hike,,,,,synthetic
coord_g0_00,2026-03-29T09:39:26.575998+00:00,Open borders are destroying our communities,,,,,synthetic
coord_g1_02,2026-03-29T10:17:39.355283+00:00,Open borders are destroying our communities,,,,,synthetic
coord_g0_00,2026-03-29T10:28:35.742425+00:00,Millions of illegals flooding in and nobody cares,,,,,synthetic
coord_g1_00,2026-03-29T10:36:41.460838+00:00,Crime rates skyrocketing in border states,,"resist,technologytruth",,,synthetic
coord_g1_03,2026-03-29T10:37:15.885856+00:00,Crime rates skyrocketing in border states,,,,,synthetic
coord_g1_02,2026-03-29T10:37:25.878349+00:00,Another day another cover up by the elites,https://truthnews247.com/article/6781,"sharetruth,resist",,,synthetic
coord_g1_01,2026-03-29T10:38:48.649295+00:00,Wake up and share this with everyone you know,https://freedomdaily.org/expose/5740,sharetruth,coord_g1_00,,synthetic
organic_019,2026-03-29T10:40:23.965380+00:00,Just finished reading a great book,,life,,,synthetic
coord_g1_03,2026-03-29T10:42:22.936929+00:00,Crime rates skyrocketing in border states,,,,,synthetic
organic_016,2026-03-29T10:54:44.770391+00:00,This recipe turned out amazing,,,,,synthetic
organic_000,2026-03-29T11:03:11.660784+00:00,Great discussion at today's meetup,,,,,synthetic
organic_006,2026-03-29T11:07:41.732578+00:00,Great discussion at today's meetup,,,,,synthetic
organic_021,2026-03-29T11:16:42.263322+00:00,Great discussion at today's meetup,,fun,,,synthetic
organic_013,2026-03-29T11:32:09.489570+00:00,Happy birthday to my amazing friend!,,,,,synthetic
organic_018,2026-03-29T11:53:01.957249+00:00,Trying a new workout routine this week,,,,,synthetic
organic_012,2026-03-29T12:10:07.026694+00:00,Just had the best coffee at this new place downtown,,goals,,,synthetic
organic_020,2026-03-29T12:12:05.034839+00:00,Happy birthday to my amazing friend!,,,,,synthetic
organic_006,2026-03-29T12:20:26.622774+00:00,Congratulations to the team!,,,,,synthetic
organic_018,2026-03-29T12:30:34.787917+00:00,This weather is perfect for a hike,,,,,synthetic
organic_013,2026-03-29T12:33:35.052842+00:00,Happy birthday to my amazing friend!,,goals,,,synthetic
organic_021,2026-03-29T12:39:09.892654+00:00,This recipe turned out amazing,,,,,synthetic
organic_020,2026-03-29T13:46:18.771078+00:00,New album is fire honestly,,goals,,,synthetic
organic_004,2026-03-29T14:23:02.527889+00:00,Trying a new workout routine this week,,,,,synthetic
organic_016,2026-03-29T14:33:35.508607+00:00,Congratulations to the team!,,love,,,synthetic
organic_007,2026-03-29T15:00:58.928575+00:00,New album is fire honestly,,,,,synthetic
organic_010,2026-03-29T15:08:14.809571+00:00,Great discussion at today's meetup,,,,,synthetic
coord_g1_02,2026-03-29T15:09:31.627234+00:00,This is really important please share widely,,immigrationtruth,,,synthetic
coord_g0_01,2026-03-29T16:00:22.703551+00:00,This is really important please share widely,,"immigrationtruth,climatetruth",,,synthetic
organic_004,2026-03-29T17:13:23.066526+00:00,Monday mood: need more coffee,,,,,synthetic
organic_005,2026-03-29T17:24:19.510310+00:00,Trying a new workout routine this week,,,,,synthetic
organic_021,2026-03-29T17:33:30.966645+00:00,Anyone watching the game tonight?,,mood,,,synthetic
organic_001,2026-03-29T18:58:13.459274+00:00,Can't wait for the weekend,,,,,synthetic
coord_g1_00,2026-03-29T19:01:43.513354+00:00,Wake up and share this with everyone you know,,"immigrationtruth,sharetruth",,,synthetic
coord_g1_03,2026-03-29T19:19:41.041772+00:00,Another day another cover up by the elites,https://patriotwatch.net/breaking/8128,,,,synthetic
coord_g1_02,2026-03-29T19:21:22.780052+00:00,Millions of illegals flooding in and nobody cares,,"sharetruth,sharetruth,resist",,,synthetic
coord_g1_01,2026-03-29T19:23:16.234538+00:00,They want cheap labor and don't care about you,,,,coord_g1_03,synthetic
coord_g1_00,2026-03-29T19:23:21.417299+00:00,Wake up and share this with everyone you know,,"immigrationtruth,sharetruth",,,synthetic
organic_014,2026-03-29T19:29:11.108800+00:00,This weather is perfect for a hike,,,,,synthetic
organic_020,2026-03-29T19:37:55.507770+00:00,This weather is perfect for a hike,,,,,synthetic
organic_012,2026-03-29T19:51:54.550351+00:00,New album is fire honestly,,,,,synthetic
organic_010,2026-03-29T20:05:37.559425+00:00,Just finished reading a great book,,,,,synthetic
coord_g1_00,2026-03-29T20:14:33.603225+00:00,Millions of illegals flooding in and nobody cares,,resist,,,synthetic
organic_008,2026-03-29T20:18:11.536158+00:00,Trying a new workout routine this week,,,,,synthetic
organic_019,2026-03-29T20:39:11.564582+00:00,Just finished reading a great book,,,,,synthetic
organic_002,2026-03-29T20:40:54.649524+00:00,Can't wait for the weekend,,mood,,,synthetic
organic_003,2026-03-29T20:48:10.781208+00:00,Congratulations to the team!,,love,,,synthetic
organic_017,2026-03-29T20:53:16.323582+00:00,Just finished reading a great book,,,,,synthetic
organic_021,2026-03-29T20:55:21.271113+00:00,Just finished reading a great book,,,,,synthetic
organic_016,2026-03-29T21:04:02.898432+00:00,Trying a new workout routine this week,,,,,synthetic
coord_g0_00,2026-03-29T21:08:03.802297+00:00,Another day another cover up by the elites,,"immigrationtruth,wakeup",,,synthetic
organic_018,2026-03-29T21:11:37.268110+00:00,Traffic is terrible today,,,,,synthetic
organic_015,2026-03-29T21:17:10.698513+00:00,Traffic is terrible today,,fun,,,synthetic
coord_g0_03,2026-03-29T21:41:35.055345+00:00,This is really important please share widely,,,,,synthetic
organic_001,2026-03-29T21:42:11.259539+00:00,Can't wait for the weekend,,,,,synthetic
organic_002,2026-03-29T21:55:40.266477+00:00,Can't wait for the weekend,,,,,synthetic
organic_010,2026-03-29T22:49:05.286479+00:00,Looking forward to vacation next month,,,,,synthetic
organic_000,2026-03-29T23:11:21.074077+00:00,Trying a new workout routine this week,,,,,synthetic
organic_013,2026-03-29T23:19:18.064571+00:00,Can't wait for the weekend,,,,,synthetic
organic_000,2026-03-30T00:13:51.129830+00:00,This weather is perfect for a hike,,,,,synthetic
organic_003,2026-03-30T00:18:21.725679+00:00,Anyone watching the game tonight?,,,,,synthetic
coord_g1_00,2026-03-30T00:19:09.600453+00:00,They want cheap labor and don't care about you,https://patriotwatch.net/breaking/7874,sharetruth,,,synthetic
coord_g1_03,2026-03-30T00:21:04.101637+00:00,The mainstream media won't cover this story,,resist,coord_g1_02,,synthetic
coord_g1_02,2026-03-30T00:21:44.270745+00:00,This is really important please share widely,,resist,coord_g1_03,,synthetic
coord_g1_01,2026-03-30T00:22:12.546443+00:00,Millions of illegals flooding in and nobody cares,,"sharetruth,resist",,,synthetic
organic_017,2026-03-30T00:40:08.544077+00:00,Beautiful sunset today,,,,,synthetic
coord_g0_02,2026-03-30T00:56:08.564455+00:00,Open borders are destroying our communities,,,,,synthetic
organic_006,2026-03-30T01:22:43.354876+00:00,Happy birthday to my amazing friend!,,,,,synthetic
organic_020,2026-03-30T01:38:59.173640+00:00,Traffic is terrible today,,,,,synthetic
organic_011,2026-03-30T02:17:24.134975+00:00,Beautiful sunset today,,,,,synthetic
organic_012,2026-03-30T02:21:02.999493+00:00,Just had the best coffee at this new place downtown,,,,,synthetic
organic_002,2026-03-30T03:09:51.839697+00:00,Monday mood: need more coffee,,,,,synthetic
organic_005,2026-03-30T03:15:44.819329+00:00,This recipe turned out amazing,,,,,synthetic
organic_017,2026-03-30T03:50:32.069867+00:00,New album is fire honestly,,,,,synthetic
organic_021,2026-03-30T04:30:56.129432+00:00,Anyone watching the game tonight?,,,,,synthetic
coord_g1_03,2026-03-30T04:37:46.322487+00:00,Open borders are destroying our communities,,,,,synthetic
organic_019,2026-03-30T05:02:21.834496+00:00,Looking forward to vacation next month,,,,,synthetic
coord_g1_03,2026-03-30T05:03:04.648295+00:00,They don't want you to know the truth,,"technologytruth,immigrationtruth",,,synthetic
organic_021,2026-03-30T05:34:20.794934+00:00,This weather is perfect for a hike,,,,,synthetic
coord_g1_03,2026-03-30T05:54:39.761591+00:00,They don't want you to know the truth,,,,,synthetic
organic_010,2026-03-30T05:55:09.545423+00:00,Can't wait for the weekend,,,,,synthetic
organic_018,2026-03-30T06:01:27.108931+00:00,New album is fire honestly,,,,,synthetic
coord_g0_02,2026-03-30T06:38:34.482781+00:00,Millions of illegals flooding in and nobody cares,https://patriotwatch.net/breaking/1016,"breaking,wakeup",,,synthetic
organic_007,2026-03-30T06:38:52.952755+00:00,Traffic is terrible today,,,,,synthetic
coord_g0_03,2026-03-30T06:39:10.752501+00:00,Another day another cover up by the elites,,breaking,,,synthetic
coord_g0_01,2026-03-30T06:40:40.420284+00:00,Another day another cover up by the elites,,"climatetruth,immigrationtruth",,,synthetic
coord_g0_00,2026-03-30T06:41:29.841584+00:00,Wake up and share this with everyone you know,https://patriotwatch.net/breaking/3323,,,,synthetic
organic_012,2026-03-30T06:58:49.341346+00:00,New album is fire honestly,,,,,synthetic
organic_020,2026-03-30T07:06:13.820288+00:00,Just finished reading a great book,,,,,synthetic
organic_018,2026-03-30T07:34:14.068666+00:00,Great discussion at today's meetup,,,,,synthetic
organic_006,2026-03-30T07:37:59.527731+00:00,Looking forward to vacation next month,,,,,synthetic
coord_g1_03,2026-03-30T07:52:46.191259+00:00,They want cheap labor and don't care about you,https://patriotwatch.net/breaking/1212,,,coord_g1_02,synthetic
coord_g1_02,2026-03-30T07:54:16.855525+00:00,The mainstream media won't cover this story,https://patriotwatch.net/breaking/3455,sharetruth,,,synthetic
coord_g1_01,2026-03-30T07:54:19.245123+00:00,Millions of illegals flooding in and nobody cares,,,,,synthetic
coord_g1_00,2026-03-30T07:54:48.337438+00:00,Wake up and share this with everyone you know,,,coord_g1_01,,synthetic
coord_g0_02,2026-03-30T08:35:45.304540+00:00,This is really important please share widely,,,,,synthetic
coord_g1_03,2026-03-30T08:40:31.753504+00:00,Wake up and share this with everyone you know,,"technologytruth,sharetruth,sharetruth",,,synthetic
coord_g1_00,2026-03-30T08:41:21.089943+00:00,Can't believe more people aren't talking about this,,"sharetruth,resist,technologytruth",coord_g1_03,,synthetic
coord_g1_01,2026-03-30T08:42:43.068012+00:00,They don't want you to know the truth,https://patriotwatch.net/breaking/1212,"sharetruth,resist",,,synthetic
coord_g1_02,2026-03-30T08:44:36.396786+00:00,Open borders are destroying our communities,,,,coord_g1_03,synthetic
organic_006,2026-03-30T08:48:59.363997+00:00,Anyone watching the game tonight?,,,,,synthetic
organic_006,2026-03-30T08:49:41.509286+00:00,New album is fire honestly,,life,,,synthetic
organic_014,2026-03-30T09:14:41.844391+00:00,Just had the best coffee at this new place downtown,,,,,synthetic
organic_015,2026-03-30T09:19:25.601487+00:00,Great discussion at today's meetup,,,,,synthetic
organic_010,2026-03-30T09:28:57.040721+00:00,Anyone watching the game tonight?,,life,,,synthetic
organic_013,2026-03-30T09:32:00.774732+00:00,New album is fire honestly,,,,,synthetic
organic_021,2026-03-30T09:41:45.598106+00:00,Traffic is terrible today,,,,,synthetic
organic_017,2026-03-30T09:55:43.972252+00:00,This recipe turned out amazing,,,,,synthetic
coord_g0_02,2026-03-30T10:36:49.854923+00:00,Crime rates skyrocketing in border states,,"immigrationtruth,resist",,,synthetic
organic_009,2026-03-30T10:37:30.996521+00:00,This recipe turned out amazing,,,,,synthetic
organic_001,2026-03-30T10:39:11.183786+00:00,Trying a new workout routine this week,,,,,synthetic
organic_009,2026-03-30T10:51:37.215951+00:00,New album is fire honestly,,,,,synthetic
organic_013,2026-03-30T10:56:15.190091+00:00,This weather is perfect for a hike,,,,,synthetic
organic_009,2026-03-30T11:02:46.410322+00:00,Traffic is terrible today,,,,,synthetic
organic_001,2026-03-30T11:05:05.043417+00:00,Congratulations to the team!,,,,,synthetic
organic_001,2026-03-30T11:07:45.453029+00:00,Just finished reading a great book,,,,,synthetic
organic_010,2026-03-30T11:08:37.183990+00:00,New album is fire honestly,,,,,synthetic
organic_017,2026-03-30T11:13:47.948816+00:00,Traffic is terrible today,,,,,synthetic
organic_019,2026-03-30T11:16:52.983170+00:00,Beautiful sunset today,,fun,,,synthetic
organic_009,2026-03-30T11:21:07.826061+00:00,Happy birthday to my amazing friend!,,,,,synthetic
organic_008,2026-03-30T11:40:01.130654+00:00,Looking forward to vacation next month,,,,,synthetic
organic_015,2026-03-30T11:44:40.518708+00:00,New album is fire honestly,,,,,synthetic
organic_006,2026-03-30T11:46:22.861955+00:00,Anyone watching the game tonight?,,,,,synthetic
organic_012,2026-03-30T11:52:20.071250+00:00,Anyone watching the game tonight?,,,,,synthetic
organic_014,2026-03-30T11:54:22.253415+00:00,Happy birthday to my amazing friend!,,,,,synthetic
coord_g1_02,2026-03-30T12:08:46.555970+00:00,Something big is about to happen stay alert,,"resist,immigrationtruth",,,synthetic
coord_g1_01,2026-03-30T12:09:55.916491+00:00,The mainstream media won't cover this story,https://patriotwatch.net/breaking/3830,"immigrationtruth,resist",,,synthetic
coord_g1_00,2026-03-30T12:10:40.284699+00:00,Crime rates skyrocketing in border states,,,,,synthetic
coord_g1_03,2026-03-30T12:13:20.916748+00:00,Can't believe more people aren't talking about this,,technologytruth,,,synthetic
coord_g1_01,2026-03-30T12:16:26.199851+00:00,Millions of illegals flooding in and nobody cares,,,,,synthetic
coord_g0_03,2026-03-30T12:17:01.875807+00:00,Something big is about to happen stay alert,,,,,synthetic
organic_008,2026-03-30T12:52:58.798314+00:00,New album is fire honestly,,,,,synthetic
organic_015,2026-03-30T12:55:04.041931+00:00,Looking forward to vacation next month,,life,,,synthetic
organic_016,2026-03-30T12:59:05.016570+00:00,Looking forward to vacation next month,,,,,synthetic
organic_019,2026-03-30T13:00:03.725411+00:00,This weather is perfect for a hike,,,,,synthetic
organic_014,2026-03-30T13:03:09.385208+00:00,This weather is perfect for a hike,,,,,synthetic
coord_g0_02,2026-03-30T13:30:37.038956+00:00,Crime rates skyrocketing in border states,,,,,synthetic
coord_g0_01,2026-03-30T13:57:21.631480+00:00,Millions of illegals flooding in and nobody cares,https://uncensored-report.com/4909,"resist,climatetruth",,,synthetic
organic_006,2026-03-30T13:57:22.003602+00:00,Beautiful sunset today,,,,,synthetic
coord_g0_00,2026-03-30T13:57:24.965899+00:00,Wake up and share this with everyone you know,https://patriotwatch.net/breaking/5153,"breaking,climatetruth",,,synthetic
coord_g0_02,2026-03-30T13:58:00.511412+00:00,Millions of illegals flooding in and nobody cares,https://uncensored-report.com/5718,wakeup,,,synthetic
coord_g0_03,2026-03-30T13:59:29.715636+00:00,Another day another cover up by the elites,https://realfacts.blog/post/3320,"breaking,climatetruth",,,synthetic
organic_009,2026-03-30T14:05:12.668277+00:00,Can't wait for the weekend,,,,,synthetic
organic_016,2026-03-30T14:06:47.128308+00:00,Looking forward to vacation next month,,,,,synthetic
organic_005,2026-03-30T14:34:32.469438+00:00,This recipe turned out amazing,,mood,,,synthetic
organic_015,2026-03-30T14:39:20.783276+00:00,Monday mood: need more coffee,,,,,synthetic
organic_005,2026-03-30T14:41:19.229088+00:00,Can't wait for the weekend,,,,,synthetic
organic_018,2026-03-30T15:02:29.195378+00:00,Trying a new workout routine this week,,,,,synthetic
organic_020,2026-03-30T15:16:22.997212+00:00,Looking forward to vacation next month,,,,,synthetic
organic_002,2026-03-30T15:19:34.416951+00:00,This recipe turned out amazing,,,,,synthetic
organic_020,2026-03-30T15:52:24.390225+00:00,Anyone watching the game tonight?,,,,,synthetic
organic_015,2026-03-30T16:52:49.360527+00:00,Monday mood: need more coffee,,,,,synthetic
organic_019,2026-03-30T16:55:50.150888+00:00,Just finished reading a great book,,,,,synthetic
coord_g1_03,2026-03-30T17:06:00.145762+00:00,They don't want you to know the truth,,,,,synthetic
organic_013,2026-03-30T17:33:16.311901+00:00,Just finished reading a great book,,,,,synthetic
organic_010,2026-03-30T17:42:09.753866+00:00,Can't wait for the weekend,,,,,synthetic
organic_019,2026-03-30T17:42:11.147285+00:00,Beautiful sunset today,,,,,synthetic
organic_011,2026-03-30T17:55:27.769114+00:00,Just had the best coffee at this new place downtown,,vibes,,,synthetic
organic_015,2026-03-30T17:59:25.647374+00:00,Can't wait for the weekend,,,,,synthetic
organic_015,2026-03-30T18:10:31.801387+00:00,Just finished reading a great book,,,,,synthetic
organic_007,2026-03-30T18:16:29.939591+00:00,Great discussion at today's meetup,,,,,synthetic
organic_010,2026-03-30T18:21:53.000604+00:00,Can't wait for the weekend,,,,,synthetic
organic_005,2026-03-30T18:24:24.806797+00:00,This recipe turned out amazing,,,,,synthetic
organic_003,2026-03-30T18:32:57.524153+00:00,This recipe turned out amazing,,,,,synthetic
organic_016,2026-03-30T18:35:04.623414+00:00,Just had the best coffee at this new place downtown,,vibes,,,synthetic
organic_004,2026-03-30T18:44:36.300129+00:00,Can't wait for the weekend,,,,,synthetic
coord_g1_02,2026-03-30T18:44:41.139524+00:00,Open borders are destroying our communities,,,,,synthetic
organic_002,2026-03-30T19:13:08.775208+00:00,Anyone watching the game tonight?,,,,,synthetic
organic_015,2026-03-30T19:27:14.084374+00:00,Happy birthday to my amazing friend!,,,,,synthetic
coord_g0_01,2026-03-30T19:33:47.989725+00:00,Crime rates skyrocketing in border states,,,,,synthetic
organic_018,2026-03-30T19:37:51.128276+00:00,Beautiful sunset today,,,,,synthetic
organic_009,2026-03-30T19:42:50.248811+00:00,Just had the best coffee at this new place downtown,,,,,synthetic
coord_g0_02,2026-03-30T19:51:30.418860+00:00,Millions of illegals flooding in and nobody cares,,,,,synthetic
organic_014,2026-03-30T19:52:05.330713+00:00,New album is fire honestly,,goals,,,synthetic
coord_g0_01,2026-03-30T19:53:20.573723+00:00,This is really important please share widely,,wakeup,,,synthetic
organic_020,2026-03-30T20:20:15.991998+00:00,This weather is perfect for a hike,,,,,synthetic
organic_005,2026-03-30T20:56:28.510455+00:00,Just had the best coffee at this new place downtown,,life,,,synthetic
organic_006,2026-03-30T21:09:00.049010+00:00,Trying a new workout routine this week,,,,,synthetic
organic_008,2026-03-30T21:17:06.344146+00:00,This weather is perfect for a hike,,,,,synthetic
organic_018,2026-03-30T21:28:44.645423+00:00,Just finished reading a great book,,,,,synthetic
coord_g0_03,2026-03-30T21:54:30.254028+00:00,They want cheap labor and don't care about you,,immigrationtruth,,,synthetic
organic_000,2026-03-30T21:55:16.074226+00:00,Congratulations to the team!,,,,,synthetic
organic_016,2026-03-30T21:58:45.471398+00:00,Looking forward to vacation next month,,,,,synthetic
organic_002,2026-03-30T22:00:39.146937+00:00,Anyone watching the game tonight?,,,,,synthetic
organic_021,2026-03-30T22:05:09.792580+00:00,Anyone watching the game tonight?,,,,,synthetic
organic_013,2026-03-30T22:07:26.791750+00:00,Great discussion at today's meetup,,,,,synthetic
coord_g0_03,2026-03-30T22:18:29.039880+00:00,Crime rates skyrocketing in border states,,,,,synthetic
organic_011,2026-03-30T22:36:36.070496+00:00,Just finished reading a great book,,,,,synthetic
coord_g1_02,2026-03-30T22:42:38.289343+00:00,Millions of illegals flooding in and nobody cares,,,,,synthetic
organic_019,2026-03-30T22:42:51.187956+00:00,Beautiful sunset today,,,,,synthetic
coord_g1_01,2026-03-30T22:59:10.744728+00:00,Something big is about to happen stay alert,,technologytruth,,,synthetic
organic_019,2026-03-30T23:10:31.024500+00:00,Anyone watching the game tonight?,,,,,synthetic
organic_004,2026-03-30T23:13:20.911959+00:00,Traffic is terrible today,,,,,synthetic
organic_005,2026-03-30T23:23:07.555437+00:00,Can't wait for the weekend,,,,,synthetic
organic_017,2026-03-30T23:49:24.334699+00:00,This weather is perfect for a hike,,,,,synthetic
organic_011,2026-03-30T23:54:12.573624+00:00,Looking forward to vacation next month,,,,,synthetic
coord_g0_03,2026-03-31T00:25:25.010602+00:00,This is really important please share widely,,"resist,climatetruth",,,synthetic
organic_006,2026-03-31T00:31:12.516925+00:00,Anyone watching the game tonight?,,,,,synthetic
organic_003,2026-03-31T00:44:32.822658+00:00,Happy birthday to my amazing friend!,,,,,synthetic
organic_013,2026-03-31T00:54:06.106409+00:00,Looking forward to vacation next month,,,,,synthetic
organic_013,2026-03-31T00:56:44.341376+00:00,Great discussion at today's meetup,,,,,synthetic
organic_011,2026-03-31T00:57:29.711110+00:00,Just had the best coffee at this new place downtown,,,,,synthetic
organic_010,2026-03-31T01:20:32.478726+00:00,Congratulations to the team!,,,,,synthetic
coord_g0_02,2026-03-31T02:19:30.779327+00:00,Open borders are destroying our communities,,"climatetruth,resist",,,synthetic
coord_g1_02,2026-03-31T02:26:30.836221+00:00,Crime rates skyrocketing in border states,,,,,synthetic
organic_002,2026-03-31T02:48:23.689288+00:00,Congratulations to the team!,,,,,synthetic
organic_001,2026-03-31T03:49:05.430472+00:00,Traffic is terrible today,,,,,synthetic
organic_007,2026-03-31T04:27:43.728921+00:00,Beautiful sunset today,,,,,synthetic
organic_006,2026-03-31T05:00:46.821823+00:00,Just finished reading a great book,,,,,synthetic
organic_010,2026-03-31T05:17:17.993250+00:00,This recipe turned out amazing,,,,,synthetic
organic_001,2026-03-31T05:27:14.096368+00:00,Beautiful sunset today,,,,,synthetic
organic_010,2026-03-31T05:32:42.695445+00:00,Traffic is terrible today,,,,,synthetic
organic_019,2026-03-31T05:46:02.693370+00:00,New album is fire honestly,,,,,synthetic
organic_007,2026-03-31T06:03:42.131338+00:00,Beautiful sunset today,,,,,synthetic
organic_017,2026-03-31T06:12:40.618743+00:00,This recipe turned out amazing,,mood,,,synthetic
organic_008,2026-03-31T06:40:47.819452+00:00,Monday mood: need more coffee,,,,,synthetic
coord_g0_01,2026-03-31T06:47:08.189643+00:00,Open borders are destroying our communities,,"climatetruth,resist",,,synthetic
organic_000,2026-03-31T07:03:16.220827+00:00,Looking forward to vacation next month,,,,,synthetic
organic_012,2026-03-31T07:26:57.897935+00:00,Congratulations to the team!,,,,,synthetic
organic_007,2026-03-31T07:28:49.051423+00:00,Great discussion at today's meetup,,,,,synthetic
organic_018,2026-03-31T07:40:08.388525+00:00,Congratulations to the team!,,,,,synthetic
organic_015,2026-03-31T07:45:42.767680+00:00,Looking forward to vacation next month,,,,,synthetic
organic_014,2026-03-31T07:55:12.062830+00:00,Just finished reading a great book,,,,,synthetic
organic_017,2026-03-31T08:10:25.987681+00:00,Great discussion at today's meetup,,,,,synthetic
organic_021,2026-03-31T08:28:36.266873+00:00,Monday mood: need more coffee,,,,,synthetic
organic_019,2026-03-31T08:32:47.462394+00:00,Trying a new workout routine this week,,,,,synthetic
organic_020,2026-03-31T09:11:51.560708+00:00,Beautiful sunset today,,mood,,,synthetic
organic_019,2026-03-31T09:12:00.229575+00:00,Beautiful sunset today,,,,,synthetic
coord_g1_00,2026-03-31T09:52:35.981598+00:00,Another day another cover up by the elites,,,,,synthetic
organic_020,2026-03-31T09:56:13.732345+00:00,Just had the best coffee at this new place downtown,,,,,synthetic
organic_015,2026-03-31T10:07:38.496741+00:00,Congratulations to the team!,,,,,synthetic
organic_016,2026-03-31T10:15:40.713905+00:00,New album is fire honestly,,,,,synthetic
coord_g0_01,2026-03-31T10:30:42.725113+00:00,Crime rates skyrocketing in border states,,,,,synthetic
organic_006,2026-03-31T10:41:33.789043+00:00,Just had the best coffee at this new place downtown,,,,,synthetic
organic_007,2026-03-31T10:56:56.676661+00:00,This recipe turned out amazing,,,,,synthetic
organic_007,2026-03-31T11:16:15.249408+00:00,Just finished reading a great book,,,,,synthetic
organic_018,2026-03-31T11:33:16.463741+00:00,Great discussion at today's meetup,,,,,synthetic
organic_018,2026-03-31T11:46:54.459400+00:00,Just had the best coffee at this new place downtown,,,,,synthetic
coord_g0_02,2026-03-31T11:49:16.076574+00:00,The mainstream media won't cover this story,,,,,synthetic
organic_021,2026-03-31T11:52:20.450383+00:00,Traffic is terrible today,,,,,synthetic
organic_017,2026-03-31T12:01:47.477607+00:00,Trying a new workout routine this week,,,,,synthetic
organic_018,2026-03-31T12:02:46.805357+00:00,Anyone watching the game tonight?,,,,,synthetic
organic_020,2026-03-31T12:43:04.837009+00:00,Anyone watching the game tonight?,,,,,synthetic
organic_000,2026-03-31T12:43:10.386980+00:00,Anyone watching the game tonight?,,life,,,synthetic
organic_007,2026-03-31T12:44:43.354787+00:00,Monday mood: need more coffee,,fun,,,synthetic
coord_g0_02,2026-03-31T13:57:10.103065+00:00,Millions of illegals flooding in and nobody cares,,,,,synthetic
coord_g0_00,2026-03-31T14:00:15.559908+00:00,Another day another cover up by the elites,,,,,synthetic
organic_006,2026-03-31T14:02:44.091979+00:00,New album is fire honestly,,love,,,synthetic
organic_005,2026-03-31T14:25:28.891593+00:00,Looking forward to vacation next month,,,,,synthetic
organic_004,2026-03-31T14:38:53.628567+00:00,Traffic is terrible today,,,,,synthetic
organic_006,2026-03-31T15:15:44.380856+00:00,Looking forward to vacation next month,,,,,synthetic
organic_014,2026-03-31T15:15:53.537548+00:00,Anyone watching the game tonight?,,,,,synthetic
organic_021,2026-03-31T15:48:58.081587+00:00,Great discussion at today's meetup,,,,,synthetic
organic_005,2026-03-31T15:51:14.602413+00:00,Happy birthday to my amazing friend!,,,,,synthetic
organic_006,2026-03-31T16:17:07.664607+00:00,Beautiful sunset today,,,,,synthetic
organic_014,2026-03-31T16:33:58.327535+00:00,Just finished reading a great book,,,,,synthetic
organic_005,2026-03-31T17:36:26.778915+00:00,Traffic is terrible today,,vibes,,,synthetic
organic_012,2026-03-31T18:09:18.039480+00:00,Just had the best coffee at this new place downtown,,,,,synthetic
organic_001,2026-03-31T18:30:40.981440+00:00,Traffic is terrible today,,,,,synthetic
organic_012,2026-03-31T19:00:34.341231+00:00,Congratulations to the team!,,,,,synthetic
